Index,Robot_Z,Robot_Joint6
1,0.221774,-5.656
2,0.221774,-6.587
3,0.221778,-6.586
4,0.221785,-6.586
5,0.221774,-6.578
6,0.221765,-6.569
7,0.221745,-6.562
8,0.221729,-6.553
9,0.221722,-6.539
10,0.221725,-6.289
11,0.221727,-5.252
12,0.221732,-3.574
13,0.221704,-2.511
14,0.221699,-1.862
15,0.221693,0.861
16,0.221714,2.081
17,0.221769,3.632
18,0.221817,5.502
19,0.221873,7.516
20,0.221945,8.783
21,0.221964,9.143
22,0.222014,12.252
23,0.222018,13.412
24,0.222042,15.394
25,0.222042,16.634
26,0.222064,19.092
27,0.222071,20.824
28,0.222085,22.348
29,0.222065,24.429
30,0.222063,25.269
31,0.222063,27.331
32,0.22208,29.744
33,0.222078,31.003
34,0.222053,32.015
35,0.222039,32.577
36,0.222058,33.362
37,0.222058,34.328
38,0.222065,35.186
39,0.222072,36.507
40,0.222068,36.985
41,0.222075,36.908
42,0.222045,36.749
43,0.22204,34.92
44,0.222036,23.328
45,0.221968,10.139
46,0.221901,1.341
47,0.221933,-4.479
48,0.222059,-9.628
49,0.222148,-13.603
50,0.22226,-15.578
51,0.222354,-15.478
52,0.222365,-15.297
53,0.222376,-14.978
54,0.222408,-14.747
55,0.222403,-14.603
56,0.222415,-15.803
57,0.222423,-15.812
58,0.222423,-15.762
59,0.222428,-15.898
60,0.22244,-16.692
61,0.222418,-17.118
62,0.222402,-17.49
63,0.222395,-17.444
64,0.22239,-17.398
65,0.222346,-17.321
66,0.222334,-17.265
67,0.222337,-17.24
68,0.222297,-16.145
69,0.222291,-13.482
70,0.222259,-9.461
71,0.222245,-6.046
72,0.222231,-3.235
73,0.222223,-0.731
74,0.222239,1.156
75,0.222228,1.811
76,0.222233,3.876
77,0.222231,6.395
78,0.222227,8.517
79,0.222233,9.776
80,0.222235,11.741
81,0.222233,14.078
82,0.222222,15.328
83,0.222248,17.872
84,0.222227,20.073
85,0.222233,21.92
86,0.222254,23.193
87,0.222245,24.227
88,0.222248,25.199
89,0.222222,25.956
90,0.222237,26.56
91,0.222232,27.329
92,0.222232,27.707
93,0.222209,28.56
94,0.222203,29.512
95,0.222176,30.574
96,0.222191,31.067
97,0.222175,31.547
98,0.222123,32.419
99,0.222121,32.818
100,0.222117,33.06
101,0.222109,33.339
102,0.222124,33.269
103,0.222088,33.186
104,0.222088,31.442
105,0.222081,29.233
106,0.222028,17.953
107,0.221966,5.629
108,0.221989,-1.767
109,0.222043,-7.838
110,0.222104,-11.878
111,0.222168,-15.128
112,0.222209,-16.892
113,0.222287,-19.93
114,0.222387,-20.213
115,0.222454,-21.772
116,0.222464,-21.378
117,0.222478,-21.016
118,0.222502,-20.739
119,0.222507,-20.625
120,0.222519,-20.457
121,0.222511,-20.05
122,0.222526,-18.156
123,0.222516,-17.379
124,0.222519,-17.26
125,0.222509,-17.233
126,0.222507,-17.098
127,0.222503,-16.456
128,0.222496,-16.189
129,0.222496,-15.813
130,0.222478,-12.823
131,0.222483,-10.036
132,0.222507,-8.723
133,0.222497,-7.036
134,0.222487,-4.096
135,0.222494,-1.278
136,0.222485,1.327
137,0.222481,2.476
138,0.222475,7.261
139,0.222478,8.871
140,0.222485,9.873
141,0.222485,11.017
142,0.222476,13.515
143,0.222461,16.55
144,0.222452,17.675
145,0.222447,19.036
146,0.222487,20.563
147,0.222467,22.564
148,0.222451,23.685
149,0.222508,27
150,0.22254,28.041
151,0.222578,28.109
152,0.222631,28.454
153,0.222707,28.722
154,0.222754,29.02
155,0.222812,29.665
156,0.22296,30.147
157,0.223027,30.772
158,0.223027,31.056
159,0.223055,31.53
160,0.223088,32.055
161,0.223113,31.603
162,0.22313,29.62
163,0.223168,27.715
164,0.223224,15.934
165,0.223307,3.319
166,0.223346,-5.994
167,0.223371,-12.189
168,0.223437,-15.317
169,0.223524,-21.226
170,0.223549,-23.42
171,0.22357,-24.632
172,0.223669,-28.587
173,0.223711,-28.536
174,0.223725,-28.075
175,0.223732,-27.696
176,0.223709,-27.423
177,0.223677,-27.101
178,0.223659,-25.061
179,0.223622,-23.322
180,0.223552,-21.202
181,0.223468,-21.206
182,0.223377,-21.272
183,0.223298,-21.301
184,0.223231,-21.314
185,0.223213,-19.857
186,0.223213,-15.303
187,0.223235,-12.691
188,0.223318,-10.328
189,0.223356,-9.667
190,0.223471,-6.109
191,0.223682,-3.996
192,0.223841,-0.586
193,0.223966,2.414
194,0.224014,6.034
195,0.224073,9.349
196,0.224081,11.148
197,0.224129,15.211
198,0.224143,17.188
199,0.224143,18.987
200,0.224158,21.777
201,0.22412,23.501
202,0.224079,26.457
203,0.224024,29.983
204,0.223996,31.522
205,0.223988,33.554
206,0.223969,34.602
207,0.223923,36.793
208,0.223906,37.015
209,0.223869,36.889
210,0.223845,36.816
211,0.223833,36.657
212,0.223801,36.559
213,0.223761,36.467
214,0.223752,36.394
215,0.223752,36.374
216,0.223745,35.689
217,0.223721,27.397
218,0.223865,14.011
219,0.224107,0.256
220,0.224404,-8.404
221,0.224525,-11.554
222,0.224758,-17.801
223,0.224969,-21.901
224,0.225039,-26.656
225,0.225089,-30.114
226,0.225101,-30.066
227,0.225101,-30.463
228,0.225108,-30.34
229,0.225045,-29.959
230,0.225002,-29.812
231,0.224865,-29.571
232,0.224755,-29.38
233,0.224643,-29.26
234,0.224503,-29.138
235,0.224434,-29.064
236,0.224385,-28.995
237,0.224303,-28.998
238,0.224188,-28.988
239,0.223976,-28.964
240,0.223783,-28.94
241,0.223638,-28.928
242,0.223513,-28.916
243,0.223451,-28.91
244,0.22341,-28.738
245,0.223396,-24.623
246,0.223411,-20.964
247,0.223449,-18.547
248,0.223517,-17.098
249,0.223642,-14.232
250,0.223727,-11.791
251,0.223802,-7.245
252,0.223858,-2.791
253,0.223888,1.895
254,0.223898,4.472
255,0.223939,9.489
256,0.223939,14.955
257,0.223907,17.319
258,0.223873,18.683
259,0.223838,19.143
260,0.223797,20.683
261,0.223779,22.287
262,0.223763,24.044
263,0.223742,26.231
264,0.223707,27.136
265,0.223623,28.708
266,0.223472,31.279
267,0.223339,32.058
268,0.223164,33.451
269,0.223105,33.605
270,0.22299,34.468
271,0.222869,35.613
272,0.222757,35.992
273,0.222711,35.965
274,0.222706,35.879
275,0.222709,35.831
276,0.222675,35.711
277,0.222665,35.315
278,0.222696,31.821
279,0.222786,26.306
280,0.22301,18.029
281,0.223237,11.223
282,0.223741,-10.203
283,0.22388,-16.394
284,0.22411,-24.547
285,0.224242,-27.725
286,0.224256,-27.074
287,0.224258,-26.51
288,0.224256,-25.997
289,0.224233,-25.797
290,0.22409,-25.456
291,0.223969,-25.191
292,0.223871,-25.01
293,0.223783,-24.849
294,0.223725,-24.774
295,0.223673,-24.675
296,0.223624,-24.609
297,0.223596,-24.561
298,0.223563,-24.518
299,0.223551,-24.5
300,0.22354,-24.474
