Index,Robot_Z,Robot_Joint6,Fz,Mz
1,0.2799,-1.7270,-0.9650,0.0130
2,0.2799,-1.7300,-0.9800,0.0120
3,0.2799,-1.7300,-0.9870,0.0130
4,0.2799,-1.7300,-0.9900,0.0120
5,0.2799,-1.7270,-0.9680,0.0130
6,0.2798,-1.7280,-0.9650,0.0120
7,0.2797,-1.7270,-0.9810,0.0130
8,0.2797,-1.7280,-0.9630,0.0120
9,0.2797,-1.7280,-0.9450,0.0120
10,0.2797,-1.7300,-0.9810,0.0120
11,0.2797,-1.7560,-0.9450,0.0130
12,0.2796,-1.7790,-0.9540,0.0120
13,0.2794,-1.7810,-0.9790,0.0120
14,0.2791,-1.7810,-0.9750,0.0120
15,0.2780,-1.7830,-0.9870,0.0120
16,0.2770,-1.7860,-0.9830,0.0130
17,0.2740,-1.7850,-0.9440,0.0130
18,0.2721,-1.7880,-0.9740,0.0130
19,0.2688,-1.7860,-0.9630,0.0120
20,0.2674,-1.7860,-0.9830,0.0140
21,0.2644,-1.7860,-1.0660,0.0120
22,0.2630,-1.7890,-1.1400,0.0120
23,0.2599,-1.7900,-1.3030,0.0120
24,0.2588,-1.7900,-1.4100,0.0130
25,0.2574,-1.7900,-1.4800,0.0120
26,0.2568,-1.7900,-1.5420,0.0120
27,0.2561,-1.7900,-1.6100,0.0130
28,0.2557,-1.9360,-1.5880,0.0130
29,0.2556,-2.0050,-1.5700,0.0120
30,0.2554,-2.0240,-1.5440,0.0130
31,0.2549,-2.0950,-1.5960,0.0120
32,0.2543,-2.2210,-1.6810,0.0130
33,0.2530,-2.4700,-1.7060,0.0130
34,0.2525,-2.5290,-1.7140,0.0130
35,0.2518,-2.5840,-1.7340,0.0130
36,0.2509,-2.5810,-1.7360,0.0130
37,0.2503,-2.6050,-1.7810,0.0130
38,0.2492,-2.6210,-1.8690,0.0130
39,0.2485,-2.6210,-1.8730,0.0140
40,0.2476,-2.6160,-1.9090,0.0140
41,0.2470,-2.6070,-1.8760,0.0140
42,0.2468,-2.6010,-1.9030,0.0130
43,0.2466,-2.5910,-1.8610,0.0130
44,0.2465,-2.5800,-1.8260,0.0140
45,0.2465,-2.5870,-1.8630,0.0130
46,0.2465,-2.6030,-1.8480,0.0120
47,0.2465,-2.6180,-1.8490,0.0140
48,0.2480,-2.7300,-1.3950,0.0130
49,0.2501,-2.7710,-1.1000,0.0120
50,0.2569,-2.7740,-0.4050,0.0130
51,0.2639,-2.7720,-0.1490,0.0130
52,0.2675,-2.7690,-0.9120,0.0130
53,0.2733,-2.7650,-0.9800,0.0120
54,0.2786,-2.7640,-0.9780,0.0130
55,0.2810,-2.7610,-0.9230,0.0130
56,0.2860,-2.7580,-1.0080,0.0130
57,0.2874,-2.7580,-0.9600,0.0130
58,0.2894,-2.7560,-0.9680,0.0120
59,0.2905,-2.7560,-0.9510,0.0130
60,0.2908,-2.7540,-0.9510,0.0130
61,0.2911,-2.7530,-0.9600,0.0130
62,0.2912,-2.7540,-0.9970,0.0130
63,0.2913,-2.7530,-0.9460,0.0130
64,0.2912,-2.7540,-0.9710,0.0130
65,0.2912,-2.7530,-0.9780,0.0130
66,0.2908,-2.7520,-0.9510,0.0120
67,0.2905,-2.7540,-0.9840,0.0120
68,0.2902,-2.7540,-0.9500,0.0130
69,0.2892,-2.7540,-0.9710,0.0130
70,0.2884,-2.7540,-0.9540,0.0130
71,0.2861,-2.7740,-0.9460,0.0120
72,0.2846,-2.9730,-0.9290,0.0120
73,0.2814,-3.1810,-0.9250,0.0110
74,0.2801,-3.2020,-0.9720,0.0110
75,0.2776,-3.3040,-0.9320,0.0120
76,0.2763,-3.3010,-0.9410,0.0120
77,0.2738,-3.3020,-0.9730,0.0120
78,0.2722,-3.3000,-0.9510,0.0120
79,0.2694,-3.3420,-0.9580,0.0120
80,0.2682,-3.3750,-0.9300,0.0130
81,0.2663,-3.4030,-0.9600,0.0120
82,0.2651,-3.4030,-1.0310,0.0120
83,0.2631,-3.3980,-1.1420,0.0120
84,0.2608,-3.3890,-1.2570,0.0120
85,0.2597,-3.3850,-1.3460,0.0130
86,0.2580,-3.4490,-1.4360,0.0120
87,0.2575,-3.4790,-1.5400,0.0120
88,0.2563,-3.4770,-1.6000,0.0120
89,0.2560,-3.4750,-1.6070,0.0120
90,0.2554,-3.4710,-1.5870,0.0120
91,0.2551,-3.4590,-1.5790,0.0120
92,0.2549,-3.4560,-1.5640,0.0110
93,0.2547,-3.4550,-1.5450,0.0130
94,0.2545,-3.4550,-1.5630,0.0120
95,0.2542,-3.4550,-1.5660,0.0120
96,0.2541,-3.4560,-1.5650,0.0130
97,0.2539,-3.4560,-1.5460,0.0120
98,0.2539,-3.4550,-1.5250,0.0120
99,0.2539,-3.4550,-1.5050,0.0120
100,0.2540,-3.4550,-1.4840,0.0120
101,0.2541,-3.5300,-1.4870,0.0130
102,0.2540,-3.5630,-1.5310,0.0120
103,0.2525,-3.5700,-1.7290,0.0120
104,0.2517,-3.5710,-1.7620,0.0120
105,0.2504,-3.5710,-1.7480,0.0120
106,0.2501,-3.5730,-1.7300,0.0130
107,0.2503,-3.5740,-1.5820,0.0130
108,0.2515,-3.5740,-1.2790,0.0120
109,0.2581,-3.5730,-0.7250,0.0120
110,0.2622,-3.5740,-0.1980,0.0120
111,0.2715,-3.5700,-1.0130,0.0120
112,0.2780,-3.5660,-0.9570,0.0130
113,0.2804,-3.5650,-0.9020,0.0130
114,0.2842,-3.5620,-0.9640,0.0130
115,0.2855,-3.5630,-0.9650,0.0120
116,0.2871,-3.5620,-0.9790,0.0120
117,0.2878,-3.5600,-0.9600,0.0120
118,0.2880,-3.5590,-0.9540,0.0120
119,0.2881,-3.5760,-0.9910,0.0120
120,0.2881,-3.5930,-0.9660,0.0120
121,0.2881,-3.6060,-0.9710,0.0120
122,0.2880,-3.6130,-0.9780,0.0120
123,0.2878,-3.6150,-0.9470,0.0120
124,0.2873,-3.6180,-0.9620,0.0120
125,0.2868,-3.6570,-0.9760,0.0130
126,0.2862,-3.6960,-0.9800,0.0130
127,0.2859,-3.6960,-0.9800,0.0130
128,0.2849,-3.6910,-0.9600,0.0120
129,0.2842,-3.6870,-0.9720,0.0120
130,0.2820,-3.6740,-0.9860,0.0120
131,0.2806,-3.6720,-0.9310,0.0120
132,0.2780,-3.6700,-0.9660,0.0120
133,0.2767,-3.6700,-0.9370,0.0120
134,0.2738,-3.6730,-0.9680,0.0120
135,0.2725,-3.6740,-0.9740,0.0120
136,0.2705,-3.6760,-1.0040,0.0120
137,0.2684,-3.6770,-0.9750,0.0130
138,0.2674,-3.6770,-0.9750,0.0130
139,0.2656,-3.6770,-0.9590,0.0120
140,0.2635,-3.6790,-1.1370,0.0120
141,0.2622,-3.6770,-1.2020,0.0130
142,0.2594,-3.6830,-1.3540,0.0120
143,0.2581,-3.6800,-1.4340,0.0120
144,0.2562,-3.6830,-1.6240,0.0120
145,0.2551,-3.6900,-1.7080,0.0120
146,0.2531,-3.6880,-1.7180,0.0120
147,0.2523,-3.6870,-1.7330,0.0120
148,0.2508,-3.6870,-1.7290,0.0120
149,0.2488,-3.7180,-1.9280,0.0130
150,0.2473,-3.7510,-1.9670,0.0120
151,0.2449,-3.7500,-2.0590,0.0120
152,0.2441,-3.7510,-2.0290,0.0120
153,0.2430,-3.7510,-2.0320,0.0110
154,0.2424,-3.7470,-1.9660,0.0130
155,0.2423,-3.7500,-2.0160,0.0130
156,0.2422,-3.7490,-2.0750,0.0130
157,0.2422,-3.7490,-2.0320,0.0120
158,0.2424,-3.7500,-1.8790,0.0120
159,0.2432,-3.7470,-1.5560,0.0120
160,0.2494,-3.7470,-0.7820,0.0120
161,0.2537,-3.7470,-0.2640,0.0120
162,0.2630,-3.7420,-0.2580,0.0120
163,0.2716,-3.7390,-0.9630,0.0120
164,0.2747,-3.7360,-0.9920,0.0110
165,0.2810,-3.7360,-0.9730,0.0120
166,0.2834,-3.7350,-0.9620,0.0120
167,0.2873,-3.7330,-0.9460,0.0120
168,0.2883,-3.7330,-0.9880,0.0120
169,0.2899,-3.7320,-0.9590,0.0120
170,0.2903,-3.7320,-0.9380,0.0120
171,0.2907,-3.7290,-0.9420,0.0120
172,0.2908,-3.7290,-0.9410,0.0120
173,0.2908,-3.7290,-0.9420,0.0130
174,0.2907,-3.7280,-0.9850,0.0130
175,0.2906,-3.7280,-0.9680,0.0120
176,0.2903,-3.7690,-0.9730,0.0130
177,0.2901,-3.7830,-0.9550,0.0120
178,0.2899,-3.7840,-0.9520,0.0120
179,0.2898,-3.7540,-0.9740,0.0120
180,0.2897,-3.7500,-0.9290,0.0120
181,0.2896,-3.7380,-0.9790,0.0130
182,0.2895,-3.7290,-0.9750,0.0120
183,0.2889,-3.7270,-0.9470,0.0130
184,0.2877,-3.7680,-0.9480,0.0120
185,0.2872,-3.7720,-0.9680,0.0120
186,0.2856,-3.7840,-0.9690,0.0120
187,0.2848,-3.7860,-0.9800,0.0130
188,0.2824,-3.7870,-0.9470,0.0120
189,0.2800,-3.7880,-0.9900,0.0120
190,0.2787,-3.7900,-0.9450,0.0120
191,0.2764,-3.7880,-0.9590,0.0120
192,0.2749,-3.7870,-0.9980,0.0120
193,0.2722,-3.7880,-0.9560,0.0120
194,0.2692,-3.7910,-0.9800,0.0120
195,0.2677,-3.7910,-0.9720,0.0120
196,0.2645,-3.7940,-1.0560,0.0120
197,0.2631,-3.7950,-1.1540,0.0120
198,0.2602,-3.7940,-1.3790,0.0120
199,0.2591,-3.7970,-1.4070,0.0130
200,0.2571,-3.7970,-1.7250,0.0120
201,0.2564,-3.7970,-1.8640,0.0130
202,0.2550,-3.7980,-2.0710,0.0130
203,0.2540,-3.7980,-1.9690,0.0120
204,0.2538,-3.8020,-1.9260,0.0130
205,0.2531,-3.8020,-1.8810,0.0120
206,0.2525,-3.8010,-1.9540,0.0130
207,0.2503,-3.9080,-2.1020,0.0130
208,0.2491,-3.9560,-2.1300,0.0120
209,0.2480,-3.9560,-2.1250,0.0120
210,0.2475,-3.9550,-2.1060,0.0130
211,0.2469,-3.9590,-2.1120,0.0130
212,0.2464,-3.9720,-2.1440,0.0120
213,0.2461,-3.9740,-2.1220,0.0130
214,0.2454,-4.0260,-2.1540,0.0120
215,0.2450,-4.0310,-2.1960,0.0130
216,0.2444,-4.0340,-2.2000,0.0120
217,0.2443,-4.0340,-2.1600,0.0120
218,0.2442,-4.0360,-2.1600,0.0130
219,0.2448,-4.0370,-1.9440,0.0120
220,0.2486,-4.0340,-1.0610,0.0120
221,0.2546,-4.0330,-0.5450,0.0120
222,0.2580,-4.0310,-0.0190,0.0120
223,0.2636,-4.0290,0.2060,0.0130
224,0.2663,-4.0300,0.1170,0.0120
225,0.2699,-4.0260,-0.9890,0.0120
226,0.2721,-4.0260,-0.9320,0.0120
227,0.2731,-4.0220,-0.9410,0.0120
228,0.2765,-4.0230,-0.9320,0.0110
229,0.2785,-4.0220,-0.9500,0.0120
230,0.2812,-4.0220,-1.0230,0.0120
231,0.2827,-4.0190,-0.9550,0.0120
232,0.2832,-4.0190,-0.9760,0.0130
233,0.2841,-4.0210,-0.9630,0.0120
234,0.2845,-4.0190,-0.9610,0.0120
235,0.2850,-4.0180,-0.9620,0.0120
236,0.2856,-4.0160,-0.9640,0.0120
237,0.2858,-4.0180,-0.9820,0.0120
238,0.2862,-4.0180,-0.9390,0.0120
239,0.2864,-4.0180,-0.9620,0.0110
240,0.2869,-4.0150,-0.9470,0.0120
241,0.2870,-4.0160,-0.9770,0.0110
242,0.2872,-4.0160,-0.9560,0.0110
243,0.2872,-4.0180,-0.9570,0.0110
244,0.2873,-4.0400,-0.9730,0.0120
245,0.2872,-4.0480,-0.9610,0.0110
246,0.2870,-4.0550,-0.9600,0.0120
247,0.2868,-4.0630,-0.9470,0.0110
248,0.2857,-4.0740,-0.9630,0.0120
249,0.2840,-4.0750,-0.9680,0.0120
250,0.2826,-4.0750,-0.9680,0.0110
251,0.2798,-4.0780,-0.9550,0.0120
252,0.2784,-4.0770,-0.9270,0.0110
253,0.2757,-4.0770,-0.9500,0.0110
254,0.2742,-4.0780,-0.9730,0.0120
255,0.2715,-4.0770,-0.9470,0.0120
256,0.2699,-4.0800,-0.9460,0.0110
257,0.2672,-4.1740,-0.9600,0.0120
258,0.2660,-4.2430,-0.9270,0.0120
259,0.2629,-4.3080,-1.1850,0.0110
260,0.2613,-4.3390,-1.2560,0.0110
261,0.2577,-4.3390,-1.5130,0.0130
262,0.2565,-4.3390,-1.7380,0.0120
263,0.2544,-4.3380,-1.8040,0.0110
264,0.2534,-4.3340,-1.8690,0.0120
265,0.2519,-4.3250,-1.8970,0.0120
266,0.2505,-4.3190,-1.8680,0.0120
267,0.2495,-4.3140,-1.9590,0.0120
268,0.2478,-4.3140,-2.0060,0.0110
269,0.2472,-4.3160,-2.0510,0.0120
270,0.2464,-4.3160,-2.0060,0.0120
271,0.2461,-4.3170,-2.0410,0.0120
272,0.2457,-4.3160,-1.9530,0.0120
273,0.2456,-4.3160,-1.9930,0.0130
274,0.2452,-4.3170,-2.0140,0.0120
275,0.2447,-4.3190,-2.0100,0.0110
276,0.2446,-4.3190,-2.0540,0.0120
277,0.2447,-4.3190,-1.9760,0.0120
278,0.2454,-4.3190,-1.7230,0.0120
279,0.2498,-4.3190,-1.0050,0.0130
280,0.2534,-4.3190,-0.6820,0.0110
281,0.2609,-4.3190,-0.0400,0.0120
282,0.2696,-4.3170,-1.0020,0.0120
283,0.2726,-4.3160,-0.9680,0.0110
284,0.2778,-4.3090,-0.9940,0.0110
285,0.2804,-4.3080,-0.9790,0.0120
286,0.2858,-4.3060,-0.9840,0.0110
287,0.2891,-4.3050,-0.9610,0.0130
288,0.2901,-4.3050,-0.9440,0.0120
289,0.2915,-4.3030,-0.9600,0.0120
290,0.2918,-4.3030,-0.9620,0.0120
291,0.2922,-4.3020,-0.9470,0.0110
292,0.2923,-4.3030,-0.9590,0.0120
293,0.2923,-4.3020,-0.9720,0.0120
294,0.2922,-4.3030,-0.9430,0.0120
295,0.2920,-4.3020,-0.9320,0.0110
296,0.2917,-4.3010,-0.9210,0.0120
297,0.2916,-4.2980,-0.9130,0.0120
298,0.2914,-4.2980,-0.9540,0.0120
299,0.2913,-4.2980,-0.9550,0.0110
300,0.2912,-3.7280,-0.9640,0.0110
