Time_s,Z_Command_m
0.0,0.21141460537910461
0.01,0.21134294216156949
0.02,0.21126951783282208
0.03,0.21119442263789218
0.04,0.21111774682180942
0.05,0.2110395806296036
0.06,0.2109600143063044
0.07,0.21087913809694153
0.08,0.2107970422465447
0.09,0.2107138170001436
0.1,0.21062955260276794
0.11,0.2105443392994475
0.12,0.21045826733521195
0.13,0.21037142695509095
0.14,0.21028390840411432
0.15,0.21019580192731166
0.16,0.21010719776971276
0.17,0.21001818617634735
0.18,0.20992885739224507
0.19,0.2098393016624357
0.2,0.20974960923194885
0.21,0.209659862131677
0.22,0.2095701095359631
0.23,0.20948039240501287
0.24,0.20939075169903193
0.25,0.209301228378226
0.26,0.2092118634028007
0.27,0.20912269773296172
0.28,0.20903377232891474
0.29,0.20894512815086547
0.3,0.2088568061590195
0.31,0.2087688482816469
0.32,0.20868130031927548
0.33,0.20859420904049725
0.34,0.20850762121390434
0.35000000000000003,0.20842158360808893
0.36,0.20833614299164302
0.37,0.20825134613315877
0.38,0.2081672398012283
0.39,0.2080838707644437
0.4,0.2080012857913971
0.41000000000000003,0.2079195326099967
0.42,0.20783866278541524
0.43,0.20775872884214158
0.44,0.20767978330466458
0.45,0.2076018786974731
0.46,0.20752506754505595
0.47000000000000003,0.20744940237190201
0.48,0.20737493570250015
0.49,0.20730172006133918
0.5,0.20722980797290802
0.51,0.2071592303180544
0.52,0.20708993140306198
0.53,0.20702183389057321
0.54,0.20695486044323072
0.55,0.20688893372367703
0.56,0.2068239763945547
0.5700000000000001,0.2067599111185062
0.58,0.20669666055817418
0.59,0.20663414737620106
0.6,0.20657229423522952
0.61,0.20651103483283828
0.62,0.2064503470063515
0.63,0.20639021962802956
0.64,0.2063306415701328
0.65,0.20627160170492168
0.66,0.2062130889046565
0.67,0.20615509204159777
0.68,0.20609759998800575
0.6900000000000001,0.20604060161614088
0.7000000000000001,0.20598408579826355
0.71,0.2059280397870568
0.72,0.2058724443568943
0.73,0.20581727866257235
0.74,0.20576252185888727
0.75,0.20570815310063537
0.76,0.205654151542613
0.77,0.2056004963396164
0.78,0.205547166646442
0.79,0.205494141617886
0.8,0.2054414004087448
0.81,0.2053889082741597
0.8200000000000001,0.20533657487065202
0.8300000000000001,0.20528429595508813
0.84,0.20523196728433435
0.85,0.205179484615257
0.86,0.2051267437047225
0.87,0.20507364030959713
0.88,0.20502007018674723
0.89,0.2049659290930392
0.9,0.20491111278533936
0.91,0.20485552244227503
0.92,0.20479908092951768
0.93,0.20474171653449974
0.9400000000000001,0.2046833575446537
0.9500000000000001,0.2046239322474119
0.96,0.20456336893020693
0.97,0.20450159588047112
0.98,0.20443854138563697
0.99,0.20437413373313693
1.0,0.20430830121040344
1.01,0.20424098559633805
1.02,0.2041721826357188
1.03,0.2041019015647927
1.04,0.20403015161980698
1.05,0.20395694203700873
1.06,0.20388228205264503
1.07,0.20380618090296299
1.08,0.20372864782420974
1.09,0.20364969205263245
1.1,0.20356932282447815
1.11,0.20348757428422543
1.12,0.2034045802092784
1.1300000000000001,0.20332049928527268
1.1400000000000001,0.20323549019784384
1.1500000000000001,0.20314971163262746
1.16,0.20306332227525917
1.17,0.2029764808113745
1.18,0.20288934592660907
1.19,0.2028020763065984
1.2,0.20271483063697815
1.21,0.20262774065240427
1.22,0.20254083028361453
1.23,0.20245409651036703
1.24,0.2023675363124199
1.25,0.2022811466695314
1.26,0.20219492456145957
1.27,0.20210886696796257
1.28,0.20202297086879856
1.29,0.20193723324372573
1.3,0.20185165107250214
1.31,0.20176623824823112
1.32,0.20168107631739635
1.33,0.2015962637398267
1.34,0.2015118989753509
1.35,0.20142808048379784
1.36,0.20134490672499636
1.37,0.20126247615877527
1.3800000000000001,0.20118088724496333
1.3900000000000001,0.2011002384433895
1.4000000000000001,0.20102062821388245
1.41,0.20094212633910732
1.42,0.20086468789307388
1.43,0.20078823927262823
1.44,0.20071270687461643
1.45,0.20063801709588447
1.46,0.2005640963332785
1.47,0.20049087098364446
1.48,0.2004182674438285
1.49,0.2003462121106766
1.5,0.20027463138103485
1.51,0.20020346281170817
1.52,0.20013268859933706
1.53,0.20006230210052092
1.54,0.19999229667185908
1.55,0.19992266566995098
1.56,0.1998534024513959
1.57,0.1997845003727933
1.58,0.19971595279074256
1.59,0.19964775306184304
1.6,0.1995798945426941
1.61,0.19951236326989685
1.62,0.1994451160000594
1.6300000000000001,0.1993781021697915
1.6400000000000001,0.19931127121570297
1.6500000000000001,0.19924457257440362
1.6600000000000001,0.19917795568250324
1.67,0.1991113699766116
1.68,0.19904476489333855
1.69,0.19897808986929388
1.7,0.1989112943410873
1.71,0.19884433603059656
1.72,0.19877720580077018
1.73,0.1987099027998247
1.74,0.19864242617597658
1.75,0.19857477507744223
1.76,0.1985069486524382
1.77,0.19843894604918083
1.78,0.19837076641588672
1.79,0.19830240890077222
1.8,0.19823387265205383
1.81,0.19816517374830664
1.82,0.19809639598954024
1.83,0.19802764010612273
1.84,0.19795900682842235
1.85,0.1978905968868073
1.86,0.1978225110116457
1.87,0.1977548499333058
1.8800000000000001,0.19768771438215574
1.8900000000000001,0.19762120508856373
1.9000000000000001,0.19755542278289795
1.9100000000000001,0.19749046459356653
1.92,0.19742641324113763
1.93,0.1973633478442193
1.94,0.1973013475214196
1.95,0.19724049139134658
1.96,0.19718085857260836
1.97,0.19712252818381304
1.98,0.19706557934356864
1.99,0.19701009117048326
2.0,0.19695614278316498
2.0100000000000002,0.19690378327015975
2.02,0.19685294159976513
2.0300000000000002,0.19680351671021643
2.04,0.19675540753974913
2.05,0.1967085130265986
2.06,0.19666273210900023
2.07,0.19661796372518942
2.08,0.19657410681340157
2.09,0.1965310603118721
2.1,0.19648872315883636
2.11,0.19644701691035957
2.12,0.1964059535938259
2.13,0.19636556785444947
2.14,0.19632589433744424
2.15,0.19628696768802428
2.16,0.1962488225514035
2.17,0.196211493572796
2.18,0.1961750153974158
2.19,0.19613942267047688
2.2,0.1961047500371933
2.21,0.19607102883257413
2.22,0.19603827715080857
2.23,0.19600650977588102
2.24,0.1959757414917757
2.25,0.1959459870824771
2.2600000000000002,0.19591726133196935
2.27,0.1958895790242369
2.2800000000000002,0.19586295494326397
2.29,0.19583740387303497
2.3000000000000003,0.19581294059753418
2.31,0.19578956258141705
2.32,0.19576719801202339
2.33,0.1957457577573643
2.34,0.1957251526854507
2.35,0.19570529366429365
2.36,0.19568609156190409
2.37,0.19566745724629309
2.38,0.19564930158547156
2.39,0.19563153544745057
2.4,0.1956140697002411
2.41,0.19559682174252704
2.42,0.19557973509568408
2.43,0.1955627598117607
2.44,0.19554584594280544
2.45,0.19552894354086692
2.46,0.19551200265799362
2.47,0.19549497334623414
2.48,0.19547780565763698
2.49,0.19546044964425066
2.5,0.19544285535812378
2.5100000000000002,0.19542497912791718
2.52,0.195406802388741
2.5300000000000002,0.1953883128523177
2.54,0.1953694982303697
2.5500000000000003,0.19535034623461944
2.56,0.19533084457678943
2.57,0.19531098096860203
2.58,0.19529074312177971
2.59,0.19527011874804495
2.6,0.19524909555912018
2.61,0.19522767400526367
2.62,0.1952059054908771
2.63,0.19518385415889802
2.64,0.19516158415226387
2.65,0.19513915961391215
2.66,0.19511664468678044
2.67,0.1950941035138062
2.68,0.19507160023792697
2.69,0.19504919900208023
2.7,0.1950269639492035
2.71,0.19500494097291626
2.72,0.194983102969566
2.73,0.19496140458618216
2.74,0.19493980046979423
2.75,0.19491824526743165
2.7600000000000002,0.19489669362612388
2.77,0.19487510019290036
2.7800000000000002,0.19485341961479058
2.79,0.19483160653882398
2.8000000000000003,0.19480961561203003
2.81,0.19478746019045362
2.82,0.19476538846620134
2.83,0.19474370734039512
2.84,0.19472272371415705
2.85,0.19470274448860916
2.86,0.19468407656487338
2.87,0.19466702684407175
2.88,0.1946519022273263
2.89,0.19463900961575903
2.9,0.19462865591049192
2.91,0.19462116738579086
2.92,0.19461694780849684
2.93,0.19461642031859477
2.94,0.19462000805606958
2.95,0.19462813416090613
2.96,0.19464122177308932
2.97,0.19465969403260397
2.98,0.19468397407943508
2.99,0.19471448505356745
3.0,0.19475165009498596
3.0100000000000002,0.19479581109756736
3.02,0.19484698497075553
3.0300000000000002,0.19490510737788624
3.04,0.19497011398229516
3.0500000000000003,0.195041940447318
3.06,0.19512052243629052
3.0700000000000003,0.19520579561254847
3.08,0.19529769563942748
3.09,0.19539615818026332
3.1,0.19550111889839172
3.11,0.19561246336281848
3.12,0.1957298767652299
3.13,0.19585299420298227
3.14,0.19598145077343201
3.15,0.19611488157393545
3.16,0.1962529217018489
3.17,0.1963952062545288
3.18,0.19654137032933147
3.19,0.19669104902361326
3.2,0.19684387743473053
3.21,0.1969995173991052
3.22,0.19715773770942135
3.23,0.19731833389742864
3.24,0.19748110149487674
3.25,0.19764583603351532
3.2600000000000002,0.197812333045094
3.27,0.19798038806136245
3.2800000000000002,0.1981497966140703
3.29,0.19832035423496724
3.3000000000000003,0.19849185645580292
3.31,0.1986641616176202
3.3200000000000003,0.19883737929863501
3.33,0.1990116818863564
3.34,0.19918724176829358
3.35,0.19936423133195555
3.36,0.19954282296485146
3.37,0.19972318905449052
3.38,0.1999055019883817
3.39,0.20008993415403425
3.4,0.20027665793895721
3.41,0.20046577920189854
3.42,0.20065713768656138
3.43,0.20085050660788784
3.44,0.20104565918081985
3.45,0.20124236862029948
3.46,0.20144040814126876
3.47,0.20163955095866967
3.48,0.20183957028744426
3.49,0.2020402393425345
3.5,0.20224133133888245
3.5100000000000002,0.20244260990429164
3.52,0.20264380031801157
3.5300000000000002,0.20284461827215347
3.54,0.20304477945882834
3.5500000000000003,0.20324399957014722
3.56,0.20344199429822132
3.5700000000000003,0.2036384793351617
3.58,0.20383317037307935
3.59,0.20402578310408548
3.6,0.20421603322029114
3.61,0.20440369344349393
3.62,0.20458876461423772
3.63,0.20477130460275275
3.64,0.20495137127926943
3.65,0.20512902251401804
3.66,0.205304316177229
3.67,0.20547731013913256
3.68,0.20564806226995905
3.69,0.2058166304399389
3.7,0.20598307251930237
3.71,0.20614745006768903
3.72,0.20630983940237524
3.73,0.20647032053004657
3.74,0.20662897345738868
3.75,0.20678587819108704
3.7600000000000002,0.20694111473782736
3.77,0.2070947631042951
3.7800000000000002,0.20724690329717593
3.79,0.20739761532315537
3.8000000000000003,0.20754697918891907
3.81,0.20769502539106519
3.8200000000000003,0.20784158638584238
3.83,0.20798644511941186
3.84,0.20812938453793492
3.85,0.20827018758757285
3.86,0.20840863721448685
3.87,0.20854451636483823
3.88,0.20867760798478815
3.89,0.20880769502049798
3.9,0.20893456041812897
3.91,0.20905803006408374
3.92,0.20917810160573086
3.93,0.20929481563068028
3.94,0.20940821272654203
3.95,0.20951833348092605
3.96,0.2096252184814423
3.97,0.20972890831570073
3.98,0.2098294435713114
3.99,0.20992686483588419
4.0,0.2100212126970291
4.01,0.21011253124237703
4.0200000000000005,0.2102008785596424
4.03,0.2102863162365605
4.04,0.21036890586086668
4.05,0.21044870902029625
4.0600000000000005,0.21052578730258453
4.07,0.2106002022954669
4.08,0.21067201558667858
4.09,0.21074128876395498
4.1,0.21080808341503143
4.11,0.210872455477115
4.12,0.21093443828530012
4.13,0.2109940595241529
4.14,0.21105134687823957
4.15,0.21110632803212634
4.16,0.21115903067037928
4.17,0.21120948247756466
4.18,0.21125771113824862
4.19,0.2113037443369974
4.2,0.21134760975837708
4.21,0.21138933043659483
4.22,0.21142891080442144
4.23,0.21146635064426872
4.24,0.21150164973854838
4.25,0.21153480786967216
4.26,0.21156582482005182
4.2700000000000005,0.2115947003720991
4.28,0.21162143430822575
4.29,0.21164602641084354
4.3,0.2116684764623642
4.3100000000000005,0.21168878619012563
4.32,0.2117069651011705
4.33,0.21172302464746753
4.34,0.21173697628098548
4.3500000000000005,0.21174883145369314
4.36,0.21175860161755922
4.37,0.2117662982245526
4.38,0.21177193272664194
4.39,0.21177551657579607
4.4,0.21177706122398376
4.41,0.2117765692568811
4.42,0.21177400779499347
4.43,0.21176933509253373
4.44,0.21176250940371458
4.45,0.2117534889827488
4.46,0.21174223208384912
4.47,0.21172869696122837
4.48,0.21171284186909928
4.49,0.2116946250616746
4.5,0.21167400479316711
4.51,0.21165092232309762
4.5200000000000005,0.21162525093221918
4.53,0.21159684690659283
4.54,0.2115655665322797
4.55,0.21153126609534081
4.5600000000000005,0.2114938018818373
4.57,0.21145303017783024
4.58,0.21140880726938066
4.59,0.21136098944254972
4.6000000000000005,0.21130943298339844
4.61,0.21125407085913558
4.62,0.2111951427615607
4.63,0.21113296506362095
4.64,0.21106785413826348
4.65,0.21100012635843546
4.66,0.21093009809708407
4.67,0.21085808572715659
4.68,0.21078440562160006
4.69,0.21070937415336177
4.7,0.2106333076953888
4.71,0.21055652505779712
4.72,0.21047935479937765
4.73,0.21040212791609
4.74,0.21032517540389378
4.75,0.21024882825874866
4.76,0.2101734174766143
4.7700000000000005,0.21009927405345033
4.78,0.21002672898521638
4.79,0.20995611326787206
4.8,0.20988775789737701
4.8100000000000005,0.20982189428214296
4.82,0.20975835548038946
4.83,0.20969687496278835
4.84,0.20963718620001126
4.8500000000000005,0.20957902266272985
4.86,0.20952211782161584
4.87,0.20946620514734093
4.88,0.20941101811057683
4.89,0.2093562901819952
4.9,0.20930175483226776
4.91,0.2092471906717549
4.92,0.20919255686957194
4.93,0.20913785773452281
4.94,0.20908309757541158
4.95,0.20902828070104212
4.96,0.20897341142021855
4.97,0.20891849404174484
4.98,0.20886353287442494
4.99,0.2088085322270628
5.0,0.20875349640846252
5.01,0.2086984178529056
5.0200000000000005,0.208643241496584
5.03,0.20858790040116715
5.04,0.20853232762832452
5.05,0.20847645623972566
5.0600000000000005,0.20842021929703994
5.07,0.20836354986193692
5.08,0.20830638099608603
5.09,0.2082486457611568
5.1000000000000005,0.20819027721881866
5.11,0.20813119384652182
5.12,0.20807125578483912
5.13,0.20801030859012415
5.14,0.20794819781873053
5.15,0.20788476902701175
5.16,0.20781986777132141
5.17,0.20775333960801312
5.18,0.20768503009344044
5.19,0.20761478478395692
5.2,0.20754244923591614
5.21,0.20746791540501577
5.22,0.20739126084432993
5.23,0.20731260950627672
5.24,0.20723208534327442
5.25,0.20714981230774115
5.26,0.20706591435209515
5.2700000000000005,0.20698051542875456
5.28,0.20689373949013756
5.29,0.20680571048866234
5.3,0.20671655237674713
5.3100000000000005,0.20662638276638534
5.32,0.20653529390787145
5.33,0.20644337171107524
5.34,0.2063507020858665
5.3500000000000005,0.20625737094211496
5.36,0.2061634641896904
5.37,0.20606906773846256
5.38,0.2059742674983012
5.39,0.20587914937907612
5.4,0.20578379929065704
5.41,0.20568829687231932
5.42,0.20559269668096072
5.43,0.20549704700288446
5.44,0.20540139612439393
5.45,0.2053057923317923
5.46,0.20521028391138296
5.47,0.20511491914946925
5.48,0.20501974633235434
5.49,0.2049248137463416
5.5,0.20483016967773438
5.51,0.20473585752150844
5.5200000000000005,0.20464190110732988
5.53,0.20454831937353724
5.54,0.20445513125846917
5.55,0.20436235570046432
5.5600000000000005,0.20427001163786118
5.57,0.20417811800899838
5.58,0.20408669375221458
5.59,0.20399575780584833
5.6000000000000005,0.20390532910823822
5.61,0.20381542976896092
5.62,0.20372609458254515
5.63,0.20363736151475775
5.64,0.20354926853136554
5.65,0.20346185359813532
5.66,0.20337515468083384
5.67,0.20328920974522796
5.68,0.20320405675708444
5.69,0.20311973368217015
5.7,0.20303627848625183
5.71,0.20295369139013766
5.72,0.20287182163480091
5.73,0.20279048071625635
5.74,0.2027094801305187
5.75,0.2026286313736025
5.76,0.2025477459415226
5.7700000000000005,0.2024666353302936
5.78,0.20238511103593018
5.79,0.202302984554447
5.8,0.20222006738185883
5.8100000000000005,0.20213622653988572
5.82,0.20205155115306958
5.83,0.20196618587165774
5.84,0.20188027534589748
5.8500000000000005,0.20179396422603613
5.86,0.20170739716232103
5.87,0.20162071880499946
5.88,0.2015340738043188
5.89,0.2014476068105263
5.9,0.20136146247386932
5.91,0.20127573777508376
5.92,0.20119033901685962
5.93,0.20110512483237578
5.94,0.2010199538548108
5.95,0.2009346847173434
5.96,0.2008491760531523
5.97,0.2007632864954162
5.98,0.20067687467731374
5.99,0.20058979923202364
6.0,0.2005019187927246
6.01,0.20041314483092118
6.0200000000000005,0.20032360017142148
6.03,0.20023346047735943
6.04,0.200142901411869
6.05,0.2000520986380841
6.0600000000000005,0.19996122781913866
6.07,0.1998704646181667
6.08,0.1997799846983022
6.09,0.199689963722679
6.1000000000000005,0.19960057735443115
6.11,0.19951197116181058
6.12,0.19942417033354146
6.13,0.19933716996346587
6.140000000000001,0.19925096514542606
6.15,0.19916555097326413
6.16,0.1990809225408222
6.17,0.19899707494194255
6.18,0.1989140032704672
6.19,0.1988317026202384
6.2,0.19875016808509827
6.21,0.19866939484253424
6.22,0.19858937840461474
6.23,0.19851011436705357
6.24,0.19843159832556442
6.25,0.19835382587586095
6.26,0.19827679261365705
6.2700000000000005,0.19820049413466634
6.28,0.19812492603460252
6.29,0.19805008390917944
6.3,0.19797596335411075
6.3100000000000005,0.1979025595654608
6.32,0.19782986614069673
6.33,0.19775787627763614
6.34,0.1976865831740968
6.3500000000000005,0.19761598002789632
6.36,0.1975460600368525
6.37,0.19747681639878292
6.38,0.19740824231150536
6.390000000000001,0.19734033097283743
6.4,0.19727307558059692
6.41,0.19720646448475773
6.42,0.19714046664391888
6.43,0.1970750461688357
6.44,0.19701016717026343
6.45,0.19694579375895738
6.46,0.19688189004567283
6.47,0.1968184201411651
6.48,0.19675534815618942
6.49,0.19669263820150115
6.5,0.19663025438785553
6.51,0.1965681674444056
6.5200000000000005,0.19650637457389564
6.53,0.19644487959746756
6.54,0.19638368633626335
6.55,0.196322798611425
6.5600000000000005,0.1962622202440944
6.57,0.19620195505541363
6.58,0.19614200686652464
6.59,0.19608237949856938
6.6000000000000005,0.19602307677268982
6.61,0.1959640886328844
6.62,0.19590534951457717
6.63,0.19584677997604877
6.640000000000001,0.19578830057557975
6.65,0.19572983187145065
6.66,0.19567129442194206
6.67,0.1956126087853345
6.68,0.1955536955199086
6.69,0.1954944751839449
6.7,0.19543486833572388
6.71,0.19537482801752423
6.72,0.19531443720761654
6.73,0.1952538113682695
6.74,0.19519306596175182
6.75,0.19513231645033213
6.76,0.19507167829627914
6.7700000000000005,0.19501126696186147
6.78,0.19495119790934784
6.79,0.19489158660100692
6.8,0.19483254849910736
6.8100000000000005,0.19477418792614534
6.82,0.19471656464552675
6.83,0.19465972728088515
6.84,0.19460372445585386
6.8500000000000005,0.19454860479406633
6.86,0.19449441691915606
6.87,0.1944412094547564
6.88,0.1943890310245009
6.890000000000001,0.19433793025202287
6.9,0.1942879557609558
6.91,0.19423913491612765
6.92,0.1941914100471447
6.93,0.19414470222480756
6.94,0.19409893251991708
6.95,0.1940540220032739
6.96,0.19400989174567881
6.97,0.19396646281793256
6.98,0.19392365629083588
6.99,0.1938813932351895
7.0,0.19383959472179413
7.01,0.19379818148162384
7.0200000000000005,0.1937570728863458
7.03,0.1937161879678004
7.04,0.1936754457578281
7.05,0.1936347652882694
7.0600000000000005,0.19359406559096468
7.07,0.19355326569775438
7.08,0.193512284640479
7.09,0.19347104145097896
7.1000000000000005,0.19342945516109467
7.11,0.1933874481386763
7.12,0.19334495609561303
7.13,0.19330191807980354
7.140000000000001,0.1932582731391467
7.15,0.19321396032154134
7.16,0.19316891867488628
7.17,0.19312308724708027
7.18,0.1930764050860222
7.19,0.1930288112396108
7.2,0.19298024475574493
7.21,0.19293065234602177
7.22,0.19288001137683206
7.23,0.19282830687826485
7.24,0.19277552388040925
7.25,0.19272164741335435
7.26,0.19266666250718922
7.2700000000000005,0.19261055419200296
7.28,0.19255330749788468
7.29,0.1924949074549234
7.3,0.1924353390932083
7.3100000000000005,0.1923746079008682
7.32,0.19231280119819097
7.33,0.19225002676350417
7.34,0.19218639237513552
7.3500000000000005,0.1921220058114126
7.36,0.192056974850663
7.37,0.19199140727121433
7.38,0.1919254108513943
7.390000000000001,0.1918590933695305
7.4,0.1917925626039505
7.41,0.19172592509670233
7.42,0.19165928244471533
7.43,0.19159273500863921
7.44,0.19152638314912374
7.45,0.1914603272268186
7.46,0.19139466760237353
7.47,0.19132950463643825
7.48,0.19126493868966246
7.49,0.19120107012269594
7.5,0.19113799929618835
7.51,0.19107580985087422
7.5200000000000005,0.19101451854782722
7.53,0.1909541254282058
7.54,0.19089463053316838
7.55,0.1908360339038735
7.5600000000000005,0.1907783355814795
7.57,0.19072153560714494
7.58,0.1906656340220282
7.59,0.19061063086728772
7.6000000000000005,0.19055652618408203
7.61,0.1905033103454486
7.62,0.19045093505194116
7.63,0.19039934233599268
7.640000000000001,0.19034847423003584
7.65,0.19029827276650357
7.66,0.19024867997782868
7.67,0.190199637896444
7.68,0.19015108855478247
7.69,0.19010297398527676
7.7,0.1900552362203598
7.71,0.19000782024767715
7.72,0.18996068287572518
7.73,0.18991378386821303
7.74,0.18986708298884983
7.75,0.18982054000134468
7.76,0.18977411466940663
7.7700000000000005,0.18972776675674496
7.78,0.18968145602706868
7.79,0.1896351422440869
7.8,0.1895887851715088
7.8100000000000005,0.1895423559952714
7.82,0.18949587159022344
7.83,0.18944936025344164
7.84,0.18940285028200265
7.8500000000000005,0.18935636997298325
7.86,0.1893099476234601
7.87,0.18926361153050988
7.88,0.18921738999120927
7.890000000000001,0.18917131130263495
7.9,0.1891254037618637
7.91,0.1890796835892973
7.92,0.18903411869863812
7.930000000000001,0.18898866492691369
7.94,0.18894327811115158
7.95,0.1888979140883793
7.96,0.1888525286956244
7.97,0.1888070777699144
7.98,0.1887615171482768
7.99,0.18871580266773913
8.0,0.18866989016532898
8.01,0.1886237556732448
8.02,0.18857745600436904
8.03,0.18853106816675508
8.040000000000001,0.18848466916845624
8.05,0.18843833601752602
8.06,0.18839214572201773
8.07,0.1883461752899848
8.08,0.1883005017294806
8.09,0.1882552020485585
8.1,0.1882103532552719
8.11,0.18816601063702643
8.120000000000001,0.1881221425986364
8.13,0.18807869582426845
8.14,0.18803561699808918
8.15,0.18799285280426511
8.16,0.18795034992696288
8.17,0.18790805505034908
8.18,0.18786591485859028
8.19,0.18782387603585307
8.2,0.18778188526630402
8.21,0.18773991428768558
8.22,0.1876980350520436
8.23,0.18765634456499972
8.24,0.18761493983217567
8.25,0.1875739178591931
8.26,0.18753337565167366
8.27,0.1874934102152391
8.28,0.18745411855551103
8.290000000000001,0.18741559767811117
8.3,0.1873779445886612
8.31,0.18734123060884247
8.32,0.187305424324575
8.33,0.18727046863783864
8.34,0.18723630645061298
8.35,0.18720288066487786
8.36,0.1871701341826129
8.370000000000001,0.187138009905798
8.38,0.18710645073641277
8.39,0.18707539957643696
8.4,0.18704479932785034
8.41,0.18701460030094189
8.42,0.1869847824392376
8.43,0.18695533309457282
8.44,0.18692623961878277
8.45,0.18689748936370276
8.46,0.1868690696811681
8.47,0.186840967923014
8.48,0.18681317144107576
8.49,0.18678566758718876
8.5,0.18675844371318817
8.51,0.18673150566276137
8.52,0.18670493324700385
8.53,0.18667882476886327
8.540000000000001,0.1866532785312872
8.55,0.1866283928372231
8.56,0.18660426598961874
8.57,0.18658099629142158
8.58,0.18655868204557924
8.59,0.1865374215550393
8.6,0.18651731312274933
8.61,0.18649842746913142
8.620000000000001,0.1864807249845053
8.63,0.18646413847666535
8.64,0.18644860075340589
8.65,0.1864340446225211
8.66,0.18642040289180536
8.67,0.1864076083690529
8.68,0.18639559386205803
8.69,0.18638429217861507
8.700000000000001,0.18637363612651825
8.71,0.18636357395355863
8.72,0.18635411566751395
8.73,0.18634528671615883
8.74,0.18633711254726767
8.75,0.18632961860861508
8.76,0.18632283034797556
8.77,0.1863167732131236
8.78,0.1863114726518338
8.790000000000001,0.18630695411188056
8.8,0.1863032430410385
8.81,0.18630042217294826
8.82,0.18629880338471502
8.83,0.18629875583931008
8.84,0.18630064869970486
8.85,0.18630485112887066
8.86,0.18631173228977882
8.870000000000001,0.1863216613454006
8.88,0.18633500745870746
8.89,0.18635213979267065
8.9,0.18637342751026154
8.91,0.1863993405254009
8.92,0.1864307517558071
8.93,0.18646863487014803
8.94,0.18651396353709154
8.950000000000001,0.18656771142530548
8.96,0.18663085220345768
8.97,0.18670435954021602
8.98,0.1867892071042483
8.99,0.1868863685642224
9.0,0.18699681758880615
9.01,0.1871213633003498
9.02,0.18726015663593326
9.03,0.18741318398631873
9.040000000000001,0.18758043174226863
9.05,0.18776188629454502
9.06,0.18795753403391033
9.07,0.18816736135112672
9.08,0.18839135463695655
9.09,0.18862950028216205
9.1,0.1888817846775055
9.11,0.1891479885894077
9.120000000000001,0.1894270702869238
9.13,0.1897177824147672
9.14,0.19001887761765154
9.15,0.19032910854029045
9.16,0.19064722782739743
9.17,0.1909719881236861
9.18,0.19130214207387009
9.19,0.19163644232266286
9.200000000000001,0.19197364151477814
9.21,0.19231257150026818
9.22,0.19265238095054069
9.23,0.19299229774234217
9.24,0.1933315497524191
9.25,0.193669364857518
9.26,0.19400497093438532
9.27,0.19433759585976754
9.28,0.1946664675104112
9.290000000000001,0.19499081376306276
9.3,0.1953098624944687
9.31,0.19562309701253167
9.32,0.19593102234977913
9.33,0.19623439896989467
9.34,0.19653398733656197
9.35,0.19683054791346466
9.36,0.19712484116428627
9.370000000000001,0.19741762755271056
9.38,0.19770966754242106
9.39,0.1980017215971014
9.4,0.19829455018043518
9.41,0.19858865746866244
9.42,0.1988835224882487
9.43,0.19917836797821578
9.44,0.1994724166775856
9.450000000000001,0.19976489132538006
9.46,0.20005501466062092
9.47,0.20034200942233013
9.48,0.20062509834952952
9.49,0.20090350418124106
9.5,0.2011764496564865
9.51,0.20144327675251653
9.52,0.20170380439949653
9.53,0.2019579707658207
9.540000000000001,0.20220571401988327
9.55,0.20244697233007827
9.56,0.2026816838647999
9.57,0.2029097867924424
9.58,0.20313121928139988
9.59,0.20334591950006656
9.6,0.20355382561683652
9.61,0.20375489546056044
9.620000000000001,0.2039491655019151
9.63,0.20413669187203354
9.64,0.2043175307020489
9.65,0.20449173812309432
9.66,0.20465937026630307
9.67,0.20482048326280816
9.68,0.20497513324374286
9.69,0.20512337634024025
9.700000000000001,0.20526526868343353
9.71,0.20540092634429208
9.72,0.2055307051531304
9.73,0.20565502088009932
9.74,0.20577428929534952
9.75,0.20588892616903182
9.76,0.205999347271297
9.77,0.2061059683722958
9.78,0.206209205242179
9.790000000000001,0.20630947365109736
9.8,0.20640718936920166
9.81,0.20650268116817724
9.82,0.20659592982584793
9.83,0.20668682912157202
9.84,0.20677527283470787
9.85,0.20686115474461392
9.86,0.2069443686306485
9.870000000000001,0.2070248082721699
9.88,0.20710236744853658
9.89,0.20717693993910688
9.9,0.20724841952323914
9.91,0.20731674952633097
9.92,0.20738207145793713
9.93,0.20744457637365152
9.94,0.2075044553290681
9.950000000000001,0.20756189937978087
9.96,0.20761709958138372
9.97,0.20767024698947067
9.98,0.2077215326596356
9.99,0.20777114764747256
10.0,0.20781928300857544
10.01,0.20786610876487177
10.02,0.20791171080362333
10.03,0.20795615397842546
10.040000000000001,0.20799950314287344
10.05,0.2080418231505626
10.06,0.20808317885508829
10.07,0.20812363511004586
10.08,0.20816325676903055
10.09,0.2082021086856378
10.1,0.20824025571346283
10.11,0.2082777417730009
10.120000000000001,0.2083145270523467
10.13,0.2083505508064949
10.14,0.20838575229044004
10.15,0.20842007075917676
10.16,0.2084534454676997
10.17,0.20848581567100338
10.18,0.20851712062408248
10.19,0.20854729958193158
10.200000000000001,0.2085762917995453
10.21,0.20860406241123777
10.22,0.20863068006860142
10.23,0.20865623930254815
10.24,0.20868083464398998
10.25,0.20870456062383883
10.26,0.20872751177300664
10.27,0.2087497826224054
10.28,0.20877146770294697
10.290000000000001,0.20879266154554338
10.3,0.20881345868110657
10.31,0.20883392189913236
10.32,0.20885398702345212
10.33,0.2088735581364811
10.34,0.20889253932063456
10.35,0.20891083465832777
10.36,0.20892834823197598
10.370000000000001,0.20894498412399443
10.38,0.2089606464167984
10.39,0.2089752391928031
10.4,0.20898866653442383
10.41,0.20900085546873143
10.42,0.2090118248014192
10.43,0.209021616282836
10.44,0.20903027166333074
10.450000000000001,0.2090378326932523
10.46,0.20904434112294962
10.47,0.2090498387027715
10.48,0.20905436718306689
10.49,0.20905796831418463
10.5,0.2090606838464737
10.51,0.20906251206316787
10.52,0.20906327737904065
10.53,0.20906276074175073
10.540000000000001,0.2090607430989566
10.55,0.2090570053983167
10.56,0.20905132858748965
10.57,0.20904349361413396
10.58,0.20903328142590813
10.59,0.20902047297047077
10.6,0.20900484919548035
10.61,0.20898625113492142
10.620000000000001,0.20896476016808244
10.63,0.208940517760578
10.64,0.2089136653780225
10.65,0.20888434448603052
10.66,0.20885269655021652
10.67,0.20881886303619496
10.68,0.20878298540958043
10.69,0.20874520513598738
10.700000000000001,0.20870566368103027
10.71,0.20866447727861054
10.72,0.20862166123577702
10.73,0.20857720562786547
10.74,0.20853110053021162
10.75,0.20848333601815125
10.76,0.20843390216702
10.77,0.20838278905215374
10.78,0.20832998674888814
10.790000000000001,0.20827548533255894
10.8,0.2082192748785019
10.81,0.20816140127824626
10.82,0.20810213368809538
10.83,0.20804179708054593
10.84,0.20798071642809485
10.85,0.20791921670323885
10.86,0.20785762287847473
10.870000000000001,0.20779625992629933
10.88,0.20773545281920947
10.89,0.2076755265297019
10.9,0.20761680603027344
10.91,0.20755954623153233
10.92,0.20750372179653243
10.93,0.20744923732643908
10.94,0.2073959974224176
10.950000000000001,0.2073439066856333
10.96,0.20729286971725155
10.97,0.2072427911184376
10.98,0.2071935754903568
10.99,0.20714512743417443
11.0,0.2070973515510559
11.01,0.20705017350247928
11.02,0.2070036031911741
11.03,0.20695767158018277
11.040000000000001,0.20691240963254753
11.05,0.20686784831131083
11.06,0.2068240185795149
11.07,0.20678095140020222
11.08,0.20673867773641505
11.09,0.20669722855119574
11.1,0.2066566348075867
11.11,0.20661690574927985
11.120000000000001,0.20657796374256587
11.13,0.2065397094343852
11.14,0.20650204347167808
11.15,0.20646486650138485
11.16,0.2064280791704459
11.17,0.2063915821258015
11.18,0.20635527601439196
11.19,0.2063190614831577
11.200000000000001,0.206282839179039
11.21,0.20624651642335592
11.22,0.20621002723494744
11.23,0.20617331230703226
11.24,0.20613631233282906
11.25,0.20609896800555652
11.26,0.2060612200184333
11.27,0.20602300906467816
11.28,0.20598427583750972
11.290000000000001,0.2059449610301467
11.3,0.2059050053358078
11.31,0.2058643637516457
11.32,0.20582304849054922
11.33,0.20578108606934112
11.34,0.2057385030048442
11.35,0.20569532581388114
11.36,0.20565158101327488
11.370000000000001,0.20560729511984813
11.38,0.20556249465042364
11.39,0.2055172061218243
11.4,0.2054714560508728
11.41,0.2054252804077916
11.42,0.20537875297640146
11.43,0.20533195699392282
11.44,0.20528497569757612
11.450000000000001,0.20523789232458173
11.46,0.20519079011216015
11.47,0.20514375229753173
11.48,0.20509686211791694
11.49,0.2050502028105362
11.5,0.20500385761260986
11.51,0.20495788695441006
11.52,0.20491226003841528
11.53,0.20486692326015582
11.540000000000001,0.20482182301516175
11.55,0.20477690569896337
11.56,0.20473211770709085
11.57,0.20468740543507435
11.58,0.20464271527844413
11.59,0.2045979936327303
11.6,0.20455318689346313
11.61,0.20450823054534403
11.620000000000001,0.2044630164297595
11.63,0.20441742547726718
11.64,0.20437133861842482
11.65,0.2043246367837901
11.66,0.20427720090392076
11.67,0.20422891190937445
11.68,0.20417965073070896
11.69,0.2041292982984819
11.700000000000001,0.20407773554325104
11.71,0.20402486234093553
11.72,0.20397065434890055
11.73,0.20391510616987257
11.74,0.20385821240657817
11.75,0.203799967661744
11.76,0.2037403665380966
11.77,0.2036794036383625
11.78,0.20361707356526831
11.790000000000001,0.20355337092154063
11.8,0.203488290309906
11.81,0.20342184100487232
11.82,0.20335409096807253
11.83,0.20328512283292105
11.84,0.20321501923283206
11.85,0.20314386280122
11.86,0.20307173617149907
11.870000000000001,0.20299872197708363
11.88,0.20292490285138795
11.89,0.2028503614278264
11.9,0.20277518033981323
11.91,0.20269943945170998
11.92,0.202623207551667
11.93,0.20254655065878174
11.94,0.20246953479215182
11.950000000000001,0.20239222597087475
11.96,0.20231469021404802
11.97,0.20223699354076927
11.98,0.20215920197013595
11.99,0.20208138152124563
12.0,0.2020035982131958
12.01,0.2019259167046881
12.02,0.20184839621284045
12.030000000000001,0.20177109459437476
12.040000000000001,0.20169406970601303
12.05,0.20161737940447724
12.06,0.20154108154648934
12.07,0.20146523398877125
12.08,0.20138989458804502
12.09,0.20131512120103257
12.1,0.2012409716844559
12.11,0.20116748961982117
12.120000000000001,0.20109466148777175
12.13,0.20102245949373515
12.14,0.200950855843139
12.15,0.2008798227414108
12.16,0.20080933239397813
12.17,0.20073935700626858
12.18,0.20066986878370965
12.19,0.200600839931729
12.200000000000001,0.2005322426557541
12.21,0.20046403940495547
12.22,0.20039615360347524
12.23,0.20032849891919857
12.24,0.20026098902001044
12.25,0.20019353757379596
12.26,0.20012605824844018
12.27,0.20005846471182817
12.280000000000001,0.19999067063184503
12.290000000000001,0.19992258967637586
12.3,0.19985413551330566
12.31,0.1997852491529408
12.32,0.19971598097527268
12.33,0.1996464087027139
12.34,0.1995766100576771
12.35,0.19950666276257498
12.36,0.1994366445398201
12.370000000000001,0.19936663311182512
12.38,0.19929670620100273
12.39,0.19922694152976553
12.4,0.19915741682052612
12.41,0.19908819233237088
12.42,0.19901925847108098
12.43,0.1989505881791112
12.44,0.1988821543989164
12.450000000000001,0.1988139300729514
12.46,0.19874588814367103
12.47,0.19867800155353013
12.48,0.19861024324498355
12.49,0.19854258616048615
12.5,0.19847500324249268
12.51,0.1984074709629043
12.52,0.19833997991140714
12.530000000000001,0.1982725242071335
12.540000000000001,0.1982050979692159
12.55,0.19813769531678666
12.56,0.19807031036897813
12.57,0.1980029372449228
12.58,0.19793557006375298
12.59,0.19786820294460103
12.6,0.19780083000659943
12.61,0.19773344673256735
12.620000000000001,0.1976660540600713
12.63,0.19759865429036463
12.64,0.19753124972470068
12.65,0.1974638426643328
12.66,0.19739643541051435
12.67,0.1973290302644987
12.68,0.19726162952753915
12.69,0.19719423550088902
12.700000000000001,0.1971268504858017
12.71,0.19705949801889186
12.72,0.19699228657821957
12.73,0.19692534587720614
12.74,0.19685880562927294
12.75,0.1967927955478414
12.76,0.19672744534633285
12.77,0.19666288473816865
12.780000000000001,0.19659924343677018
12.790000000000001,0.19653665115555882
12.8,0.19647523760795593
12.81,0.19641508875996708
12.82,0.19635611558793456
12.83,0.196298185320785
12.84,0.19624116518744486
12.85,0.19618492241684068
12.86,0.19612932423789903
12.870000000000001,0.19607423787954642
12.88,0.1960195305707094
12.89,0.19596506954031445
12.9,0.1959107220172882
12.91,0.19585639853745226
12.92,0.19580218286420872
12.93,0.19574820206785482
12.94,0.19569458321868782
12.950000000000001,0.19564145338700495
12.96,0.19558893964310345
12.97,0.19553716905728055
12.98,0.1954862686998335
12.99,0.1954363656410595
13.0,0.1953875869512558
13.01,0.19534002807648054
13.02,0.19529365796583548
13.030000000000001,0.19524841394418316
13.040000000000001,0.19520423333638628
13.05,0.19516105346730744
13.06,0.1951188116618093
13.07,0.19507744524475443
13.08,0.1950368915410055
13.09,0.19499708787542516
13.1,0.19495797157287598
13.11,0.19491948950674326
13.120000000000001,0.19488162674450302
13.13,0.19484437790215384
13.14,0.19480773759569442
13.15,0.1947717004411234
13.16,0.19473626105443934
13.17,0.19470141405164093
13.18,0.19466715404872684
13.19,0.19463347566169564
13.200000000000001,0.19460037350654602
13.21,0.19456784924908638
13.22,0.19453593275436415
13.23,0.19450466093723648
13.24,0.19447407071256054
13.25,0.1944441989951936
13.26,0.19441508269999275
13.27,0.19438675874181524
13.280000000000001,0.1943592640355182
13.290000000000001,0.1943326354959589
13.3,0.19430691003799438
13.31,0.19428210266865462
13.32,0.19425814076365996
13.33,0.19423492979090357
13.34,0.1942123752182785
13.35,0.1941903825136778
13.36,0.1941688571449946
13.370000000000001,0.19414770458012198
13.38,0.19412683028695304
13.39,0.19410613973338092
13.4,0.19408553838729858
13.41,0.19406495013045436
13.42,0.194044372500017
13.43,0.19402382144701041
13.44,0.1940033129224585
13.450000000000001,0.19398286287738523
13.46,0.19396248726281448
13.47,0.19394220202977025
13.48,0.19392202312927634
13.49,0.19390196651235675
13.5,0.1938820481300354
13.51,0.19386227383448854
13.52,0.19384260908250167
13.530000000000001,0.1938230092320128
13.540000000000001,0.1938034296409598
13.55,0.1937838256672806
13.56,0.19376415266891311
13.57,0.19374436600379527
13.58,0.1937244210298649
13.59,0.19370427310506
13.6,0.19368387758731845
13.61,0.19366318785504646
13.620000000000001,0.1936421493685237
13.63,0.19362070560849798
13.64,0.19359880005571733
13.65,0.19357637619092957
13.66,0.19355337749488263
13.67,0.19352974744832446
13.68,0.19350542953200295
13.69,0.193480367226666
13.700000000000001,0.19345450401306152
13.71,0.1934277973208948
13.72,0.19340026037570035
13.73,0.19337192035197004
13.74,0.1933428044241958
13.75,0.1933129397668695
13.76,0.193282353554483
13.77,0.1932510729615282
13.780000000000001,0.19321912516249695
13.790000000000001,0.19318653733188113
13.8,0.19315333664417267
13.81,0.19311954990803099
13.82,0.19308520246878574
13.83,0.19305031930593416
13.84,0.19301492539897344
13.85,0.19297904572740085
13.86,0.19294270527071353
13.870000000000001,0.1929059290084088
13.88,0.19286874191998385
13.89,0.19283116898493588
13.9,0.19279323518276215
13.91,0.19275497206591746
13.92,0.19271643747868708
13.93,0.19267769583831393
13.94,0.19263881156204093
13.950000000000001,0.1925998490671109
13.96,0.19256087277076678
13.97,0.19252194709025144
13.98,0.19248313644280782
13.99,0.19244450524567877
14.0,0.19240611791610718
14.01,0.19236802304832523
14.02,0.1923302059445223
14.030000000000001,0.1922926360838769
14.040000000000001,0.1922552829455677
14.05,0.1922181160087733
14.06,0.1921811047526723
14.07,0.19214421865644332
14.08,0.19210742719926494
14.09,0.19207069986031575
14.1,0.19203400611877444
14.11,0.19199731961650923
14.120000000000001,0.19196063064614735
14.13,0.19192393366300572
14.14,0.19188722312240122
14.15,0.1918504934796507
14.16,0.19181373919007114
14.17,0.19177695470897935
14.18,0.19174013449169228
14.19,0.1917032729935268
14.200000000000001,0.1916663646697998
14.21,0.19162939221062775
14.22,0.19159229124532523
14.23,0.19155498563800633
14.24,0.19151739925278527
14.25,0.19147945595377602
14.26,0.19144107960509288
14.27,0.19140219407084985
14.280000000000001,0.19136272321516112
14.290000000000001,0.1913225909021408
14.3,0.19128172099590302
14.31,0.19124007395548284
14.32,0.19119775661959912
14.33,0.19115491242189173
14.34,0.19111168479600035
14.35,0.19106821717556485
14.36,0.19102465299422505
14.370000000000001,0.19098113568562075
14.38,0.19093780868339172
14.39,0.19089481542117775
14.4,0.1908522993326187
14.41,0.19081037180156354
14.42,0.19076901601269788
14.43,0.19072818310091666
14.44,0.19068782420111466
14.450000000000001,0.19064789044818678
14.46,0.19060833297702787
14.47,0.19056910292253273
14.48,0.19053015141959634
14.49,0.1904914296031134
14.5,0.19045288860797882
14.51,0.1904145001841979
14.52,0.19037631854221765
14.530000000000001,0.1903384185075954
14.540000000000001,0.19030087490588862
14.55,0.1902637625626547
14.56,0.1902271563034511
14.57,0.1901911309538352
14.58,0.19015576133936438
14.59,0.19012112228559613
14.6,0.1900872886180878
14.61,0.19005432331595107
14.620000000000001,0.19002224197251485
14.63,0.1899910483346623
14.64,0.18996074614927647
14.65,0.18993133916324056
14.66,0.18990283112343773
14.67,0.1898752257767511
14.68,0.18984852687006373
14.69,0.1898227381502589
14.700000000000001,0.18979786336421967
14.71,0.18977388646337287
14.72,0.18975071221732012
14.73,0.18972822560020672
14.74,0.1897063115861779
14.75,0.18968485514937897
14.76,0.18966374126395522
14.77,0.189642854904052
14.780000000000001,0.18962208104381448
14.790000000000001,0.189601304657388
14.8,0.18958041071891785
14.81,0.18955933943823108
14.82,0.18953825196788177
14.83,0.18951736469610575
14.84,0.18949689401113892
14.85,0.1894770563012171
14.86,0.18945806795457615
14.870000000000001,0.18944014535945192
14.88,0.18942350490408025
14.89,0.189408362976697
14.9,0.18939493596553802
14.91,0.1893834466251392
14.92,0.18937414317523668
14.93,0.1893672802018666
14.94,0.18936311229106512
14.950000000000001,0.18936189402886835
14.96,0.18936388000131255
14.97,0.18936932479443375
14.98,0.18937848299426824
14.99,0.18939160918685205
15.0,0.18940895795822144
15.01,0.18943075528799008
15.02,0.189457112730082
15.030000000000001,0.1894881132319987
15.040000000000001,0.18952383974124187
15.05,0.189564375205313
15.06,0.18960980257171364
15.07,0.1896602047879454
15.08,0.18971566480150986
15.09,0.18977626555990854
15.1,0.189842090010643
15.11,0.18991319741943843
15.120000000000001,0.18998955232491416
15.13,0.1900710955839131
15.14,0.19015776805327828
15.15,0.1902495105898525
15.16,0.19034626405047875
15.17,0.190447969292
15.18,0.19055456717125915
15.19,0.1906659985450991
15.200000000000001,0.19078220427036285
15.21,0.19090311491870904
15.22,0.19102861992105943
15.23,0.19115859842315155
15.24,0.1912929295707229
15.25,0.191431492509511
15.26,0.1915741663852534
15.27,0.19172083034368753
15.280000000000001,0.191871363530551
15.290000000000001,0.1920256450915813
15.3,0.19218355417251587
15.31,0.1923449562422885
15.32,0.19250966206261783
15.33,0.19267746871841854
15.34,0.19284817329460552
15.35,0.19302157287609356
15.36,0.1931974645477975
15.370000000000001,0.19337564539463206
15.38,0.1935559125015121
15.39,0.19373806295335239
15.4,0.19392189383506775
15.41,0.1941072414300623
15.42,0.1942940988156977
15.43,0.19448249826782474
15.44,0.19467247206229443
15.450000000000001,0.1948640524749576
15.46,0.19505727178166513
15.47,0.19525216225826802
15.48,0.1954487561806171
15.49,0.19564708582456336
15.5,0.19584718346595764
15.51,0.196049063775978
15.52,0.19625267100711088
15.530000000000001,0.19645793180717003
15.540000000000001,0.19666477282396888
15.55,0.19687312070532118
15.56,0.1970829020990405
15.57,0.19729404365294048
15.58,0.1975064720148347
15.59,0.19772011383253682
15.6,0.19793489575386042
15.610000000000001,0.19815074383284223
15.620000000000001,0.19836758174841088
15.63,0.19858533258571817
15.64,0.198803919429916
15.65,0.199023265366156
15.66,0.19924329347959008
15.67,0.19946392685536993
15.68,0.1996850885786474
15.69,0.19990670173457425
15.700000000000001,0.2001286894083023
15.71,0.20035095472965203
15.72,0.20057332100711914
15.73,0.20079559159386795
15.74,0.20101756984306296
15.75,0.20123905910786857
15.76,0.20145986274144914
15.77,0.20167978409696916
15.780000000000001,0.201898626527593
15.790000000000001,0.202116193386485
15.8,0.2023322880268097
15.81,0.2025467262377359
15.82,0.20275937355245072
15.83,0.2029701079401456
15.84,0.20317880737001218
15.85,0.203385349811242
15.860000000000001,0.20358961323302655
15.870000000000001,0.20379147560455735
15.88,0.20399081489502596
15.89,0.20418750907362396
15.9,0.20438143610954285
15.91,0.20457246954506367
15.92,0.2047604652148254
15.93,0.20494527452655664
15.94,0.20512674888798585
15.950000000000001,0.2053047397068415
15.96,0.20547909839085204
15.97,0.20564967634774609
15.98,0.20581632498525207
15.99,0.2059788957110985
16.0,0.20613723993301392
16.01,0.2062912336124669
16.02,0.20644085092588632
16.03,0.20658609060344135
16.04,0.20672695137530087
16.05,0.20686343197163404
16.06,0.2069955311226098
16.07,0.20712324755839723
16.080000000000002,0.2072465800091654
16.09,0.20736552720508325
16.1,0.20748008787631989
16.11,0.20759027151154136
16.12,0.20769613063340228
16.13,0.20779772852305406
16.14,0.20789512846164834
16.15,0.20798839373033665
16.16,0.20807758761027062
16.17,0.20816277338260175
16.18,0.2082440143284816
16.19,0.20832137372906176
16.2,0.20839491486549377
16.21,0.2084647275022314
16.22,0.20853100733693708
16.23,0.20859397655057543
16.240000000000002,0.208653857324111
16.25,0.20871087183850845
16.26,0.20876524227473242
16.27,0.20881719081374747
16.28,0.20886693963651826
16.29,0.20891471092400934
16.3,0.20896072685718536
16.31,0.20900516257333257
16.32,0.20904800503502372
16.330000000000002,0.2090891941611533
16.34,0.20912866987061557
16.35,0.20916637208230504
16.36,0.20920224071511612
16.37,0.2092362156879432
16.38,0.20926823691968066
16.39,0.20929824432922298
16.4,0.20932617783546448
16.41,0.20935201338721857
16.42,0.2093758710529744
16.43,0.20939790693114
16.44,0.20941827712012354
16.45,0.20943713771833303
16.46,0.20945464482417658
16.47,0.20947095453606226
16.48,0.20948622295239822
16.490000000000002,0.2095006061715925
16.5,0.20951426029205322
16.51,0.20952728224474507
16.52,0.2095395322908595
16.53,0.20955081152414448
16.54,0.20956092103834809
16.55,0.20956966192721835
16.56,0.2095768352845033
16.57,0.209582242203951
16.580000000000002,0.20958568377930947
16.59,0.20958696110432676
16.6,0.20958587527275085
16.61,0.20958223907146034
16.62,0.20957591205985562
16.63,0.20956676549046765
16.64,0.2095546706158274
16.65,0.2095394986884657
16.66,0.2095211209609135
16.67,0.2094994086857018
16.68,0.20947423311536142
16.69,0.20944546550242343
16.7,0.20941297709941864
16.71,0.209376684515168
16.72,0.2093366857836523
16.73,0.2092931242951423
16.740000000000002,0.20924614343990885
16.75,0.20919588660822272
16.76,0.2091424971903546
16.77,0.20908611857657539
16.78,0.20902689415715578
16.79,0.20896496732236663
16.8,0.20890048146247864
16.81,0.2088336252978537
16.82,0.20876476886921774
16.830000000000002,0.20869432754738781
16.84,0.20862271670318097
16.85,0.20855035170741412
16.86,0.20847764793090445
16.87,0.20840502074446882
16.88,0.20833288551892437
16.89,0.208261657625088
16.9,0.2081917524337769
16.91,0.20812349936572008
16.92,0.2080568840412956
16.93,0.2079918061307935
16.94,0.20792816530450384
16.95,0.20786586123271683
16.96,0.20780479358572249
16.97,0.20774486203381093
16.98,0.20768596624727229
16.990000000000002,0.2076280058963966
17.0,0.207570880651474
17.01,0.20751451320509015
17.02,0.20745891833901306
17.03,0.2074041338573062
17.04,0.2073501975640331
17.05,0.20729714726325735
17.06,0.20724502075904253
17.07,0.20719385585545205
17.080000000000002,0.20714369035654953
17.09,0.2070945620663985
17.1,0.2070465087890625
17.11,0.2069995254283459
17.12,0.2069534352870166
17.13,0.2069080187675833
17.14,0.20686305627255466
17.150000000000002,0.2068183282044394
17.16,0.20677361496574634
17.17,0.20672869695898408
17.18,0.2066833545866614
17.19,0.20663736825128698
17.2,0.20659051835536957
17.21,0.20654262395429268
17.22,0.2064936587149393
17.23,0.20644363495706725
17.240000000000002,0.2063925650004343
17.25,0.2063404611647983
17.26,0.206287335769917
17.27,0.2062332011355483
17.28,0.20617806958144988
17.29,0.20612195342737968
17.3,0.2060648649930954
17.31,0.20600680493351092
17.32,0.205947727244164
17.330000000000002,0.20588757425574838
17.34,0.20582628829895797
17.35,0.20576381170448646
17.36,0.20570008680302768
17.37,0.2056350559252754
17.38,0.20556866140192348
17.39,0.20550084556366563
17.400000000000002,0.20543155074119568
17.41,0.20536075302091514
17.42,0.20528856351205627
17.43,0.20521512707955913
17.44,0.20514058858836373
17.45,0.2050650929034101
17.46,0.20498878488963826
17.47,0.2049118094119882
17.48,0.20483431133539998
17.490000000000002,0.2047564355248136
17.5,0.20467832684516907
17.51,0.2046001072074437
17.52,0.20452180670676415
17.53,0.20444343248429414
17.54,0.20436499168119765
17.55,0.2042864914386385
17.56,0.2042079388977806
17.57,0.20412934119978773
17.580000000000002,0.20405070548582385
17.59,0.20397203889705276
17.6,0.20389334857463837
17.61,0.20381462451372706
17.62,0.20373578812539528
17.63,0.203656743674702
17.64,0.20357739542670614
17.650000000000002,0.20349764764646677
17.66,0.2034174045990429
17.67,0.20333657054949333
17.68,0.20325504976287723
17.69,0.20317274650425346
17.7,0.20308956503868103
17.71,0.2030054520997277
17.72,0.20292052429499652
17.73,0.20283494070059932
17.740000000000002,0.2027488603926479
17.75,0.20266244244725407
17.76,0.20257584594052971
17.77,0.20248922994858662
17.78,0.2024027535475366
17.79,0.20231657581349152
17.8,0.20223085582256317
17.81,0.20214571636051926
17.82,0.20206113505175058
17.830000000000002,0.20197705323030393
17.84,0.20189341223022608
17.85,0.2018101533855637
17.86,0.20172721803036356
17.87,0.20164454749867236
17.88,0.2015620831245368
17.89,0.20147976624200367
17.900000000000002,0.20139753818511963
17.91,0.20131533852365946
17.92,0.20123309977030954
17.93,0.20115075267348442
17.94,0.20106822798159854
17.95,0.20098545644306634
17.96,0.20090236880630225
17.97,0.2008188958197208
17.98,0.2007349682317363
17.990000000000002,0.20065051679076332
18.0,0.20056547224521637
18.01,0.20047978432754357
18.02,0.2003934787063286
18.03,0.20030660003418863
18.04,0.2002191929637411
18.05,0.20013130214760333
18.06,0.20004297223839265
18.07,0.19995424788872637
18.080000000000002,0.19986517375122181
18.09,0.19977579447849644
18.1,0.19968615472316742
18.11,0.1995962991141671
18.12,0.1995062721856872
18.13,0.1994161184482345
18.14,0.19932588241231555
18.150000000000002,0.19923560858843714
18.16,0.199145341487106
18.17,0.19905512561882877
18.18,0.1989650054941121
18.19,0.19887502562346274
18.2,0.1987852305173874
18.21,0.19869567546531125
18.22,0.19860645887233377
18.23,0.198517689922473
18.240000000000002,0.19842947779974693
18.25,0.19834193168817357
18.26,0.19825516077177094
18.27,0.19816927423455707
18.28,0.19808438126054986
18.29,0.1980005910337675
18.3,0.19791801273822784
18.31,0.1978367369485677
18.32,0.19775677980189876
18.330000000000002,0.19767813882595142
18.34,0.19760081154845618
18.35,0.1975247954971434
18.36,0.19745008819974358
18.37,0.19737668718398704
18.38,0.19730458997760433
18.39,0.19723379410832576
18.400000000000002,0.19716429710388184
18.41,0.19709608682199525
18.42,0.19702911244035776
18.43,0.19696331346665333
18.44,0.19689862940856606
18.45,0.19683499977377994
18.46,0.19677236406997903
18.47,0.19671066180484728
18.48,0.19664983248606877
18.490000000000002,0.19658981562132746
18.5,0.1965305507183075
18.51,0.19647198720331355
18.52,0.19641411417713356
18.53,0.19635693065917603
18.54,0.1963004356688497
18.55,0.19624462822556304
18.56,0.19618950734872484
18.57,0.19613507205774353
18.580000000000002,0.19608132137202783
18.59,0.1960282543109864
18.6,0.1959758698940277
18.61,0.19592416206572785
18.62,0.1958731044713321
18.63,0.19582266568125326
18.64,0.195772814265904
18.650000000000002,0.19572351879569708
18.66,0.1956747478410452
18.67,0.1956264699723611
18.68,0.1955786537600575
18.69,0.1955312677745471
18.7,0.19548428058624268
18.71,0.19543769261884
18.72,0.1953916317091674
18.73,0.1953462575473362
18.740000000000002,0.19530172982345778
18.75,0.19525820822764356
18.76,0.19521585245000483
18.77,0.19517482218065307
18.78,0.19513527710969958
18.79,0.19509737692725573
18.8,0.19506128132343292
18.81,0.19502708305256006
18.82,0.19499460712583616
18.830000000000002,0.19496361161867787
18.84,0.1949338546065017
18.85,0.1949050941647242
18.86,0.19487708836876205
18.87,0.19484959529403173
18.88,0.19482237301594982
18.89,0.19479517960993298
18.900000000000002,0.1947677731513977
18.91,0.1947399400473331
18.92,0.19471158003101816
18.93,0.19468262116730436
18.94,0.19465299152104332
18.95,0.1946226191570864
18.96,0.19459143214028518
18.97,0.19455935853549114
18.98,0.19452632640755577
18.990000000000002,0.19449226382133064
19.0,0.19445709884166718
19.01,0.19442078669504106
19.02,0.1943833912544247
19.03,0.19434500355441456
19.04,0.19430571462960713
19.05,0.19426561551459892
19.06,0.19422479724398647
19.07,0.19418335085236627
19.080000000000002,0.19414136737433485
19.09,0.19409893784448867
19.1,0.19405615329742432
19.11,0.19401308853377824
19.12,0.1939697534183469
19.13,0.1939261415819669
19.14,0.19388224665547454
19.150000000000002,0.19383806226970646
19.16,0.193793582055499
19.17,0.19374879964368877
19.18,0.1937037086651122
19.19,0.19365830275060572
19.2,0.19361257553100586
19.21,0.1935665218439154
19.22,0.1935201413540022
19.23,0.19347343493270042
19.240000000000002,0.19342640345144427
19.25,0.19337904778166792
19.26,0.1933313687948055
19.27,0.1932833673622912
19.28,0.19323504435555922
19.29,0.19318640064604373
19.3,0.19313743710517883
19.31,0.19308817450495552
19.32,0.19303871321959176
19.330000000000002,0.19298917352386225
19.34,0.19293967569254172
19.35,0.19289034000040484
19.36,0.19284128672222636
19.37,0.19279263613278103
19.38,0.1927445085068435
19.39,0.1926970241191885
19.400000000000002,0.19265030324459076
19.41,0.1926044451769939
19.42,0.192559465287017
19.43,0.1925153579644481
19.44,0.19247211759907526
19.45,0.19242973858068638
19.46,0.19238821529906952
19.47,0.19234754214401267
19.48,0.19230771350530387
19.490000000000002,0.19226872377273113
19.5,0.19223056733608246
19.51,0.19219324467219884
19.52,0.19215678060613323
19.53,0.1921212060499916
19.54,0.19208655191587998
19.55,0.1920528491159042
19.56,0.1920201285621704
19.57,0.19198842116678436
19.580000000000002,0.19195775784185215
19.59,0.19192816949947977
19.6,0.19189968705177307
19.61,0.1918723296541035
19.62,0.19184606943490395
19.63,0.1918208667658728
19.64,0.1917966820187083
19.650000000000002,0.1917734755651089
19.66,0.19175120777677293
19.67,0.1917298390253986
19.68,0.19170932968268442
19.69,0.19168964012032863
19.7,0.1916707307100296
19.71,0.19165257130701982
19.72,0.1916351697006683
19.73,0.19161854316387825
19.740000000000002,0.1916027089695529
19.75,0.19158768439059548
19.76,0.19157348669990915
19.77,0.1915601331703971
19.78,0.1915476410749626
19.79,0.19153602768650876
19.8,0.19152531027793884
19.81,0.1915154938773398
19.82,0.1915065345335335
19.830000000000002,0.1914983760505257
19.84,0.19149096223232198
19.85,0.19148423688292807
19.86,0.19147814380634962
19.87,0.1914726268065923
19.88,0.1914676296876618
19.89,0.19146309625356372
19.900000000000002,0.19145897030830383
19.91,0.1914551890325247
19.92,0.191451663113417
19.93,0.19144829661480822
19.94,0.19144499360052594
19.95,0.19144165813439773
19.96,0.1914381942802512
19.97,0.19143450610191382
19.98,0.19143049766321324
19.990000000000002,0.191426073027977
20.0,0.19142113626003265
20.01,0.19141559363873
20.02,0.19140936030550787
20.03,0.19140235361732716
20.04,0.19139449093114896
20.05,0.19138568960393418
20.06,0.1913758669926439
20.07,0.19136494045423905
20.080000000000002,0.19135282734568063
20.09,0.19133944502392972
20.1,0.19132471084594727
20.11,0.19130857497749945
20.12,0.19129111881957325
20.13,0.19127245658196074
20.14,0.19125270247445414
20.150000000000002,0.19123197070684553
20.16,0.19121037548892708
20.17,0.19118803103049092
20.18,0.19116505154132918
20.19,0.19114155123123402
20.2,0.19111764430999756
20.21,0.1910934398952715
20.22,0.1910690267361455
20.23,0.19104448848956895
20.240000000000002,0.19101990881249112
20.25,0.1909953713618613
20.26,0.19097095979462878
20.27,0.19094675776774278
20.28,0.19092284893815267
20.29,0.19089931696280776
20.3,0.19087624549865723
20.31,0.19085367159404454
20.32,0.19083144586288944
20.330000000000002,0.19080937231050574
20.34,0.19078725494220733
20.35,0.19076489776330802
20.36,0.19074210477912162
20.37,0.19071867999496206
20.38,0.1906944274161431
20.39,0.19066915104797863
20.400000000000002,0.19064265489578247
20.41,0.1906148298107752
20.42,0.19058591402780423
20.43,0.19055623262762372
20.44,0.1905261106909879
20.45,0.1904958732986508
20.46,0.1904658455313667
20.47,0.19043635246988969
20.48,0.19040771919497387
20.490000000000002,0.19038027078737352
20.5,0.1903543323278427
20.51,0.19033020622248603
20.52,0.19030810417880958
20.53,0.19028821522966988
20.54,0.19027072840792345
20.55,0.1902558327464268
20.56,0.1902437172780364
20.57,0.19023457103560887
20.580000000000002,0.19022858305200063
20.59,0.1902259423600682
20.6,0.19022683799266815
20.61,0.19023141980079514
20.62,0.1902396809079966
20.63,0.19025157525595812
20.64,0.1902670567863653
20.650000000000002,0.19028607944090373
20.66,0.19030859716125906
20.67,0.19033456388911688
20.68,0.19036393356616274
20.69,0.19039666013408232
20.7,0.19043269753456113
20.71,0.19047198438300728
20.72,0.19051439798971825
20.73,0.19055980033871417
20.740000000000002,0.19060805341401496
20.75,0.19065901919964068
20.76,0.1907125596796113
20.77,0.19076853683794678
20.78,0.19082681265866724
20.79,0.1908872491257926
20.8,0.1909497082233429
20.81,0.19101411196565768
20.82,0.1910806224883549
20.830000000000002,0.19114946195737192
20.84,0.19122085253864624
20.85,0.19129501639811536
20.86,0.19137217570171666
20.87,0.19145255261538763
20.88,0.19153636930506576
20.89,0.19162384793668846
20.900000000000002,0.19171521067619324
20.91,0.19181062400779517
20.92,0.1919100316888202
20.93,0.19201332179487188
20.94,0.1921203824015538
20.95,0.19223110158446957
20.96,0.19234536741922273
20.97,0.19246306798141682
20.98,0.1925840913466556
20.990000000000002,0.19270832559054246
21.0,0.19283565878868103
21.01,0.1929659602022001
21.02,0.1930990238343291
21.03,0.19323462487382265
21.04,0.19337253850943534
21.05,0.19351253992992185
21.06,0.19365440432403674
21.07,0.1937979068805347
21.080000000000002,0.19394282278817032
21.09,0.19408892723569812
21.1,0.19423599541187286
21.11,0.19438384213075488
21.12,0.19453244070762804
21.13,0.19468180408308178
21.14,0.19483194519770577
21.150000000000002,0.1949828769920895
21.16,0.19513461240682256
21.17,0.19528716438249452
21.18,0.1954405458596949
21.19,0.19559476977901338
21.2,0.19574984908103937
21.21,0.1959058078193654
21.22,0.19606271449959495
21.23,0.1962206487403346
21.240000000000002,0.19637969016019072
21.25,0.19653991837776963
21.26,0.19670141301167796
21.27,0.19686425368052202
21.28,0.19702852000290827
21.29,0.19719429159744317
21.3,0.19736164808273315
21.31,0.19753070951417045
21.32,0.19770175769429096
21.330000000000002,0.1978751148624162
21.34,0.19805110325786776
21.35,0.1982300451199674
21.36,0.19841226268803658
21.37,0.19859807820139708
21.38,0.19878781389937036
21.39,0.19898179202127825
21.400000000000002,0.19918033480644226
21.41,0.19938362623453396
21.42,0.19959129724662522
21.43,0.19980284052413766
21.44,0.20001774874849318
21.45,0.20023551460111338
21.46,0.20045563076342016
21.47,0.20067758991683507
21.48,0.20090088474278012
21.490000000000002,0.2011250079226769
21.5,0.20134945213794708
21.51,0.20157371618135767
21.52,0.20179732329105562
21.53,0.20201980281653326
21.54,0.20224068410728263
21.55,0.20245949651279604
21.56,0.20267576938256554
21.57,0.2028890320660835
21.580000000000002,0.20309881391284196
21.59,0.20330464427233302
21.6,0.20350605249404907
21.61,0.2037026297963039
21.62,0.20389421487269865
21.63,0.204080708285656
21.64,0.20426201059759894
21.650000000000002,0.2044380223709501
21.66,0.20460864416813226
21.67,0.2047737765515684
21.68,0.2049333200836811
21.69,0.20508717532689338
21.7,0.20523524284362787
21.71,0.20537747618616575
21.72,0.20551404086622097
21.73,0.2056451553853659
21.740000000000002,0.20577103824517284
21.75,0.20589190794721404
21.76,0.20600798299306192
21.77,0.20611948188428866
21.78,0.20622662312246665
21.79,0.20632962520916817
21.8,0.20642870664596558
21.81,0.2065240671991548
21.82,0.20661583169392675
21.830000000000002,0.20670410622019586
21.84,0.20678899686787672
21.85,0.20687060972688381
21.86,0.20694905088713167
21.87,0.20702442643853483
21.88,0.20709684247100782
21.89,0.20716640507446518
21.900000000000002,0.2072332203388214
21.91,0.20729738608568304
21.92,0.20735896706342485
21.93,0.2074180197521135
21.94,0.2074746006318158
21.95,0.20752876618259847
21.96,0.2075805728845283
21.97,0.207630077217672
21.98,0.20767733566209626
21.990000000000002,0.20772240469786796
22.0,0.2077653408050537
22.01,0.20780618673692158
22.02,0.20784493033954432
22.03,0.20788154573219605
22.04,0.20791600703415083
22.05,0.20794828836468268
22.06,0.20797836384306567
22.07,0.20800620758857385
22.080000000000002,0.2080317937204813
22.09,0.20805509635806207
22.1,0.2080760896205902
22.11,0.20809478922596145
22.12,0.20811137728655826
22.13,0.20812607751338477
22.14,0.20813911361744517
22.150000000000002,0.2081507093097435
22.16,0.20816108830128396
22.17,0.2081704743030707
22.18,0.20817909102610788
22.19,0.20818716218139957
22.2,0.20819491147994992
22.21,0.2082024951401126
22.22,0.20820979940963888
22.23,0.20821664304362958
22.240000000000002,0.20822284479718556
22.25,0.2082282234254075
22.26,0.20823259768339633
22.27,0.20823578632625278
22.28,0.20823760810907768
22.29,0.2082378817869718
22.3,0.208236426115036
22.31,0.20823310976404513
22.32,0.20822800106747044
22.330000000000002,0.20822121827445722
22.34,0.20821287963415083
22.35,0.20820310339569661
22.36,0.20819200780823982
22.37,0.20817971112092584
22.38,0.20816633158290002
22.39,0.20815198744330762
22.400000000000002,0.20813679695129395
22.41,0.20812084018248342
22.42,0.2081040445184164
22.43,0.20808629916711238
22.44,0.20806749333659078
22.45,0.208047516234871
22.46,0.20802625706997252
22.47,0.20800360504991475
22.48,0.20797944938271712
22.490000000000002,0.2079536792763991
22.5,0.2079261839389801
22.51,0.20789688710957116
22.52,0.20786585065164953
22.53,0.20783317095978407
22.54,0.20779894442854366
22.55,0.20776326745249718
22.56,0.2077262364262134
22.57,0.20768794774426122
22.580000000000002,0.20764849780120956
22.59,0.2076079829916272
22.6,0.207566499710083
22.61,0.20752418313011128
22.62,0.2074813235411079
22.63,0.20743825001143432
22.64,0.20739529160945183
22.650000000000002,0.20735277740352176
22.66,0.20731103646200555
22.67,0.2072703978532645
22.68,0.20723119064565995
22.69,0.2071937439075533
22.7,0.2071583867073059
22.71,0.20712535892995462
22.72,0.2070945437272385
22.73,0.2070657350675721
22.740000000000002,0.2070387269193699
22.75,0.20701331325104652
22.76,0.20698928803101652
22.77,0.2069664452276944
22.78,0.2069445788094947
22.79,0.20692348274483208
22.8,0.20690295100212097
22.81,0.20688281318670848
22.82,0.20686304145167148
22.830000000000002,0.20684364358701934
22.84,0.20682462738276158
22.85,0.2068060006289075
22.86,0.20678777111546656
22.87,0.20676994663244805
22.88,0.20675253496986154
22.89,0.20673554391771626
22.900000000000002,0.20671898126602173
22.91,0.2067028112155436
22.92,0.20668682361007287
22.93,0.20667076470415674
22.94,0.20665438075234258
22.95,0.20663741800917756
22.96,0.20661962272920903
22.97,0.20660074116698424
22.98,0.2065805195770504
22.990000000000002,0.20655870421395486
23.0,0.20653504133224487
23.01,0.2065093181548925
23.02,0.20648148577856934
23.03,0.20645153626837165
23.04,0.20641946168939584
23.05,0.20638525410673822
23.06,0.20634890558549515
23.07,0.206310408190763
23.080000000000002,0.2062697539876381
23.09,0.2062269350412168
23.1,0.20618194341659546
23.11,0.20613476970137293
23.12,0.20608539857315802
23.13,0.20603381323206216
23.14,0.20597999687819668
23.150000000000002,0.20592393271167284
23.16,0.20586560393260214
23.17,0.20580499374109584
23.18,0.20574208533726535
23.19,0.20567686192122198
23.2,0.2056093066930771
23.21,0.20553944772433586
23.22,0.2054674925720786
23.23,0.20539369366477941
23.240000000000002,0.20531830343091242
23.25,0.20524157429895173
23.26,0.20516375869737147
23.27,0.20508510905464583
23.28,0.20500587779924875
23.29,0.20492631735965453
23.3,0.20484668016433716
23.31,0.20476717945291084
23.32,0.2046878717095497
23.330000000000002,0.20460877422956786
23.34,0.2045299043082795
23.35,0.20445127924099876
23.36,0.20437291632303986
23.37,0.2042948328497168
23.38,0.20421704611634392
23.39,0.20413957341823527
23.400000000000002,0.20406243205070496
23.41,0.20398565466339122
23.42,0.203909335323228
23.43,0.20383358345147323
23.44,0.20375850846938487
23.45,0.20368421979822102
23.46,0.20361082685923942
23.47,0.20353843907369817
23.48,0.20346716586285524
23.490000000000002,0.2033971166479685
23.5,0.20332840085029602
23.51,0.20326110642261902
23.52,0.20319523544381224
23.53,0.20313076852427364
23.54,0.2030676862744013
23.55,0.20300596930459316
23.56,0.20294559822524727
23.57,0.2028865536467617
23.580000000000002,0.20282881617953438
23.59,0.2027723664339634
23.6,0.20271718502044678
23.61,0.2026632365379221
23.62,0.2026104215394854
23.63,0.20255862456677245
23.64,0.20250773016141885
23.650000000000002,0.2024576228650602
23.66,0.20240818721933232
23.67,0.20235930776587077
23.68,0.20231086904631126
23.69,0.20226275560228943
23.7,0.202214851975441
23.71,0.20216706916841798
23.72,0.20211942402793817
23.73,0.20207195986173568
23.740000000000002,0.20202471997754462
23.75,0.2019777476830992
23.76,0.20193108628613352
23.77,0.20188477909438174
23.78,0.20183886941557797
23.79,0.2017934005574564
23.8,0.20174841582775116
23.81,0.20170395393623317
23.82,0.20166003520082038
23.830000000000002,0.2016166753414676
23.84,0.2015738900781296
23.85,0.2015316951307611
23.86,0.20149010621931698
23.87,0.20144913906375184
23.88,0.20140880938402062
23.89,0.20136913290007796
23.900000000000002,0.20133012533187866
23.91,0.20129179075393536
23.92,0.20125408665899183
23.93,0.20121695889434982
23.94,0.201180353307311
23.95,0.201144215745177
23.96,0.2011084920552495
23.97,0.20107312808483024
23.98,0.20103806968122082
23.990000000000002,0.20100326269172294
24.0,0.2009686529636383
24.01,0.20093418267282614
24.02,0.20089977930937622
24.03,0.20086536669193575
24.04,0.20083086863915206
24.05,0.2007962089696724
24.060000000000002,0.2007613115021441
24.07,0.2007261000552145
24.080000000000002,0.2006904984475308
24.09,0.20065443049774032
24.1,0.20061782002449036
24.11,0.20058061972573854
24.12,0.20054289781668386
24.13,0.2005047513918356
24.14,0.20046627754570304
24.150000000000002,0.20042757337279551
24.16,0.20038873596762236
24.17,0.20034986242469283
24.18,0.20031104983851628
24.19,0.20027239530360194
24.2,0.20023399591445926
24.21,0.200195926550283
24.22,0.20015817322901078
24.23,0.20012069975326566
24.240000000000002,0.20008346992567075
24.25,0.2000464475488492
24.26,0.20000959642542404
24.27,0.1999728803580185
24.28,0.19993626314925558
24.29,0.1998997086017585
24.3,0.19986318051815033
24.310000000000002,0.1998266586351688
24.32,0.19979018642601024
24.330000000000002,0.19975382329798555
24.34,0.19971762865840567
24.35,0.1996816619145816
24.36,0.19964598247382417
24.37,0.19961064974344433
24.38,0.1995757231307531
24.39,0.19954126204306138
24.400000000000002,0.19950732588768005
24.41,0.19947394894205323
24.42,0.19944106496415748
24.43,0.19940858258210256
24.44,0.19937641042399815
24.45,0.19934445711795407
24.46,0.19931263129207993
24.47,0.19928084157448556
24.48,0.1992489965932806
24.490000000000002,0.19921700497657488
24.5,0.19918477535247803
24.51,0.19915223654653516
24.52,0.19911939817403254
24.53,0.1990862900476918
24.54,0.19905294198023454
24.55,0.19901938378438244
24.560000000000002,0.19898564527285703
24.57,0.19895175625838002
24.580000000000002,0.19891774655367297
24.59,0.19888364597145752
24.6,0.19884948432445526
24.61,0.19881526196175486
24.62,0.19878086137791276
24.63,0.19874613560385265
24.64,0.19871093767049788
24.650000000000002,0.19867512060877215
24.66,0.1986385374495989
24.67,0.19860104122390168
24.68,0.198562484962604
24.69,0.1985227216966295
24.7,0.19848160445690158
24.71,0.19843904584407257
24.72,0.1983951967377096
24.73,0.1983502675871087
24.740000000000002,0.1983044688415657
24.75,0.19825801095037654
24.76,0.1982111043628371
24.77,0.19816395952824334
24.78,0.19811678689589118
24.79,0.19806979691507648
24.8,0.19802320003509521
24.810000000000002,0.19797715590187465
24.82,0.19793162094786773
24.830000000000002,0.19788650080215864
24.84,0.1978417010938317
24.85,0.1977971274519712
24.86,0.1977526855056613
24.87,0.19770828088398645
24.88,0.1976638192160308
24.89,0.19761920613087858
24.900000000000002,0.19757434725761414
24.91,0.19752918592181137
24.92,0.19748381623500252
24.93,0.19743837000520964
24.94,0.19739297904045458
24.95,0.19734777514875934
24.96,0.1973028901381458
24.97,0.197258455816636
24.98,0.19721460399225177
24.990000000000002,0.19717146647301512
25.0,0.19712917506694794
25.01,0.19708779859906558
25.02,0.1970471539623571
25.03,0.19700699506680477
25.04,0.19696707582239098
25.05,0.19692715013909812
25.060000000000002,0.19688697192690854
25.07,0.19684629509580465
25.080000000000002,0.19680487355576876
25.09,0.1967624612167833
25.1,0.19671881198883057
25.11,0.19667373710820243
25.12,0.1966272771164281
25.13,0.1965795298813465
25.14,0.19653059327079628
25.150000000000002,0.19648056515261622
25.16,0.19642954339464508
25.17,0.1963776258647216
25.18,0.19632491043068456
25.19,0.1962714949603727
25.2,0.19621747732162478
25.21,0.1961629388465209
25.22,0.19610789472410636
25.23,0.19605234360766796
25.240000000000002,0.19599628415049236
25.25,0.19593971500586632
25.26,0.19588263482707652
25.27,0.19582504226740963
25.28,0.1957669359801524
25.29,0.1957083146185916
25.3,0.1956491768360138
25.310000000000002,0.19558955257338215
25.32,0.19552959692236535
25.330000000000002,0.19546949626230822
25.34,0.1954094369725559
25.35,0.19534960543245333
25.36,0.19529018802134548
25.37,0.19523137111857736
25.38,0.19517334110349396
25.39,0.1951162843554403
25.400000000000002,0.1950603872537613
25.41,0.19500578528995366
25.42,0.19495241040412034
25.43,0.1949001436485162
25.44,0.19484886607539578
25.45,0.19479845873701387
25.46,0.1947488026856251
25.47,0.19469977897348426
25.48,0.19465126865284593
25.490000000000002,0.19460315277596488
25.5,0.19455531239509583
25.51,0.1945076551226564
25.52,0.1944601948117163
25.53,0.1944129718755082
25.54,0.19436602672726483
25.55,0.19431939978021878
25.560000000000002,0.19427313144760272
25.57,0.19422726214264946
25.580000000000002,0.1941818322785915
25.59,0.19413688226866166
25.6,0.19409245252609253
25.61,0.19404856129619918
25.62,0.19400513815262618
25.63,0.19396209050110047
25.64,0.1939193257473489
25.650000000000002,0.19387675129709847
25.66,0.19383427455607607
25.67,0.1937918029300086
25.68,0.19374924382462302
25.69,0.1937065046456463
25.7,0.19366349279880524
25.71,0.19362014150210569
25.72,0.19357648722266876
25.73,0.19353259223989433
25.740000000000002,0.1934885188331824
25.75,0.19344432928193286
25.76,0.19340008586554575
25.77,0.19335585086342089
25.78,0.19331168655495828
25.79,0.19326765521955788
25.8,0.19322381913661957
25.810000000000002,0.1931802271705186
25.82,0.19313687452553124
25.830000000000002,0.19309374299090895
25.84,0.1930508143559033
25.85,0.1930080704097657
25.86,0.19296549294174778
25.87,0.19292306374110096
25.88,0.19288076459707681
25.89,0.19283857729892678
25.900000000000002,0.1927964836359024
25.91,0.19275446445603192
25.92,0.19271249684245026
25.93,0.19267055693706908
25.94,0.19262862088180005
25.95,0.19258666481855488
25.96,0.19254466488924513
25.97,0.19250259723578253
25.98,0.19246043800007873
25.990000000000002,0.19241816332404538
26.0,0.19237574934959412
26.01,0.19233320657959346
26.02,0.19229068296073926
26.03,0.19224836080068403
26.04,0.19220642240708047
26.05,0.19216505008758125
26.060000000000002,0.1921244261498389
26.07,0.19208473290150616
26.080000000000002,0.19204615265023559
26.09,0.19200886770367986
26.1,0.19197306036949158
26.11,0.1919388698680989
26.12,0.19190626307103206
26.13,0.19187516376259678
26.14,0.19184549572709877
26.150000000000002,0.19181718274884385
26.16,0.19179014861213772
26.17,0.19176431710128608
26.18,0.19173961200059478
26.19,0.19171595709436945
26.2,0.1916932761669159
26.21,0.19167150303420977
26.22,0.19165061163890643
26.23,0.19163058595533117
26.240000000000002,0.19161140995780934
26.25,0.19159306762066625
26.26,0.1915755429182271
26.27,0.19155881982481726
26.28,0.19154288231476205
26.29,0.19152771436238672
26.3,0.1915132999420166
26.310000000000002,0.1914996438252117
26.32,0.191486833972471
26.330000000000002,0.19147497914152803
26.34,0.19146418809011656
26.35,0.19145456957597015
26.36,0.19144623235682254
26.37,0.19143928519040726
26.38,0.19143383683445803
26.39,0.19142999604670846
26.400000000000002,0.19142787158489227
26.41,0.19142756264125316
26.42,0.19142913014607538
26.43,0.1914326254641533
26.44,0.19143809996028122
26.45,0.1914456049992536
26.46,0.1914551919458647
26.47,0.19146691216490888
26.48,0.19148081702118058
26.490000000000002,0.19149695787947407
26.5,0.19151538610458374
26.51,0.1915361854718934
26.52,0.19155956939914484
26.53,0.19158578371466933
26.54,0.19161507424679805
26.55,0.19164768682386227
26.560000000000002,0.19168386727419323
26.57,0.19172386142612216
26.580000000000002,0.19176791510798033
26.59,0.19181627414809893
26.6,0.19186918437480927
26.61,0.19192683399034105
26.62,0.1919891806925182
26.63,0.19205612455306295
26.64,0.19212756564369782
26.650000000000002,0.19220340403614508
26.66,0.19228353980212712
26.67,0.1923678730133663
26.68,0.192456303741585
26.69,0.19254873205850564
26.7,0.1926450580358505
26.71,0.19274529904506243
26.72,0.19284994165646596
26.73,0.19295958974010624
26.740000000000002,0.19307484716602816
26.75,0.19319631780427676
26.76,0.1933246055248971
26.77,0.19346031419793422
26.78,0.1936040476934331
26.79,0.19375640988143866
26.8,0.19391800463199615
26.810000000000002,0.19408928030392414
26.82,0.19427006321113588
26.830000000000002,0.19446002415631852
26.84,0.19465883394215897
26.85,0.19486616337134438
26.86,0.1950816832465616
26.87,0.19530506437049783
26.88,0.19553597754583985
26.89,0.1957740935752749
26.900000000000002,0.19601908326148987
26.91,0.19627064690962268
26.92,0.19652860283461515
26.93,0.19679279885385983
26.94,0.19706308278474954
26.95,0.19733930244467676
26.96,0.1976213056510343
26.97,0.19790894022121464
26.98,0.19820205397261068
26.990000000000002,0.19850049472261494
27.0,0.19880411028862
27.01,0.19911273073593555
27.02,0.1994261151215384
27.03,0.19974400475032258
27.04,0.20006614092718172
27.05,0.20039226495700985
27.060000000000002,0.20072211814470073
27.07,0.20105544179514806
27.080000000000002,0.20139197721324592
27.09,0.2017314657038879
27.1,0.20207364857196808
27.11,0.20241819853848278
27.12,0.2027645139888396
27.13,0.20311192472454834
27.14,0.20345976054711942
27.150000000000002,0.20380735125806274
27.16,0.20415402665888824
27.17,0.20449911655110628
27.18,0.20484195073622669
27.19,0.20518185901575978
27.2,0.2055181711912154
27.21,0.20585026900466236
27.22,0.2061777419604031
27.23,0.20650023150329894
27.240000000000002,0.20681737907821085
27.25,0.2071288261299999
27.26,0.20743421410352744
27.27,0.20773318444365438
27.28,0.20802537859524203
27.29,0.20831043800315138
27.3,0.20858800411224365
27.310000000000002,0.2088578100974371
27.32,0.20911995605387826
27.330000000000002,0.20937463380677127
27.34,0.20962203518131975
27.35,0.20986235200272776
27.36,0.21009577609619892
27.37,0.21032249928693733
27.38,0.2105427134001466
27.39,0.21075661026103085
27.400000000000002,0.2109643816947937
27.41,0.21116617461049222
27.42,0.2113619562525962
27.43,0.2115516489494284
27.44,0.2117351750293118
27.45,0.21191245682056914
27.46,0.21208341665152342
27.47,0.21224797685049737
27.48,0.212406059745814
27.490000000000002,0.2125575876657961
27.5,0.21270248293876648
27.51,0.2128407154752338
27.52,0.2129724455144493
27.53,0.21309788087785006
27.54,0.21321722938687301
27.55,0.21333069886295522
27.560000000000002,0.2134384971275337
27.57,0.21354083200204535
27.580000000000002,0.2136379113079273
27.59,0.21372994286661642
27.6,0.21381713449954987
27.61,0.21389968367969367
27.62,0.21397774648613055
27.63,0.21405146864947228
27.64,0.21412099590033074
27.650000000000002,0.21418647396931767
27.66,0.21424804858704485
27.67,0.2143058654841242
27.68,0.2143600703911674
27.69,0.2144108090387863
27.7,0.21445822715759275
27.71,0.21450246405147774
27.72,0.21454363331744902
27.73,0.2145818421257936
27.740000000000002,0.21461719764679846
27.75,0.21464980705075062
27.76,0.21467977750793704
27.77,0.21470721618864466
27.78,0.2147322302631606
27.79,0.2147549269017717
27.8,0.21477541327476501
27.810000000000002,0.2147937965171692
27.82,0.21481018362297957
27.830000000000002,0.21482468155093315
27.84,0.21483739725976686
27.85,0.21484843770821782
27.86,0.2148579098550229
27.87,0.21486592065891916
27.88,0.2148725770786436
27.89,0.21487798607293315
27.900000000000002,0.2148822546005249
27.91,0.21488547134767422
27.92,0.21488765191071016
27.93,0.21488879361348037
27.94,0.21488889377983222
27.95,0.21488794973361333
27.96,0.2148859587986712
27.97,0.21488291829885334
27.98,0.21487882555800727
27.990000000000002,0.21487367789998052
28.0,0.2148674726486206
28.01,0.21486018963899847
28.02,0.21485173875107882
28.03,0.21484201237604966
28.04,0.21483090290509915
28.05,0.21481830272941538
28.060000000000002,0.21480410424018642
28.07,0.21478819982860034
28.080000000000002,0.21477048188584527
28.09,0.2147508428031093
28.1,0.2147291749715805
28.11,0.2147054043525756
28.12,0.21467959118792562
28.13,0.21465182928959048
28.14,0.21462221246952973
28.150000000000002,0.21459083453970318
28.16,0.2145577893120706
28.17,0.2145231705985916
28.18,0.21448707221122604
28.19,0.21444958796193356
28.2,0.21441081166267395
28.21,0.21437086153707255
28.22,0.21432995345541714
28.23,0.21428832769966122
28.240000000000002,0.21424622455175815
28.25,0.21420388429366144
28.26,0.2141615472073245
28.27,0.21411945357470077
28.28,0.21407784367774368
28.29,0.21403695779840665
28.3,0.2139970362186432
28.310000000000002,0.2139582945171158
28.32,0.21392084945932366
28.330000000000002,0.21388479310747496
28.34,0.21385021752377797
28.35,0.21381721477044094
28.36,0.21378587690967216
28.37,0.21375629600367982
28.38,0.2137285641146722
28.39,0.21370277330485754
28.400000000000002,0.2136790156364441
28.41,0.21365738317164013
28.42,0.21363796797265386
28.43,0.21362086210169356
28.44,0.2136061576209675
28.45,0.2135939465926839
28.46,0.213584321079051
28.47,0.2135773731422771
28.48,0.2135731948445704
28.490000000000002,0.21357187824813914
