Feature_Mode,Task,Style,Test_Trial,RMSE_Z,RMSE_Theta,R_Z,R_Theta,DTW_Z,DTW_Theta
skeleton_only,Lifting,1,1,0.0022625985703809822,,0.7098241816908809,,0.0006631582861814677,
skeleton_only,Lifting,1,2,0.002638706092214768,,0.413470768520527,,0.000884949578856752,
skeleton_only,Lifting,1,3,0.0014580376227641212,,0.8559497873491699,,0.0005394186724581595,
skeleton_only,Lifting,1,4,0.0019077185199015973,,0.6814593269600342,,0.0004973608484348432,
skeleton_only,Lifting,1,5,0.0021834650662775463,,0.5961933128980983,,0.00057264253427766,
skeleton_only,Lifting,1,6,0.0026767540037821104,,0.18390202949850984,,0.0008015535336119898,
skeleton_only,Lifting,1,7,0.0019021315108232178,,0.7321845193626793,,0.0006477931928639017,
skeleton_only,Lifting,1,8,0.002370586145017621,,0.6216418072283233,,0.0007431102810340132,
skeleton_only,Lifting,1,9,0.001813274467324791,,0.705099498197896,,0.0005640226628419714,
skeleton_only,Lifting,1,10,0.0016422480496741517,,0.7229416773815458,,0.0005538916188770975,
skeleton_only,Lifting,2,1,0.0012890048481744602,,0.811275652336502,,0.0004602633273626876,
skeleton_only,Lifting,2,2,0.0010142935748764263,,0.898538173541471,,0.00043600074169912635,
skeleton_only,Lifting,2,3,0.0011624713735063242,,0.8727594554409972,,0.00044889106044895843,
skeleton_only,Lifting,2,4,0.0011062393210746586,,0.8941390622407734,,0.0004705481566229759,
skeleton_only,Lifting,2,5,0.001412061090947967,,0.8295339196473572,,0.0004940065280544801,
skeleton_only,Lifting,2,6,0.0011289212658420603,,0.9028777618146053,,0.0004897809627474103,
skeleton_only,Lifting,2,7,0.001326523196835149,,0.8816455688700462,,0.0005588023594770339,
skeleton_only,Lifting,2,8,0.002248634459802181,,0.6496299727978245,,0.0007354830017668047,
skeleton_only,Lifting,2,9,0.0015478546288909393,,0.8282913343208969,,0.0005297619144810177,
skeleton_only,Lifting,2,10,0.001705793988880051,,0.7043486683476485,,0.0005287480667644452,
skeleton_wrist,Lifting,1,1,0.001144130052935736,,0.9150795797252191,,0.0005206249240014415,
skeleton_wrist,Lifting,1,2,0.0011828292899471442,,0.9080388466985185,,0.0005001764261414183,
skeleton_wrist,Lifting,1,3,0.001164627522347822,,0.9033595433955218,,0.0004676066648294398,
skeleton_wrist,Lifting,1,4,0.0008805985885761899,,0.933878745990097,,0.0004156798438583121,
skeleton_wrist,Lifting,1,5,0.0012050461252310055,,0.8991973722475145,,0.000538489039676124,
skeleton_wrist,Lifting,1,6,0.001314172134823117,,0.8652137439034213,,0.000489582762835356,
skeleton_wrist,Lifting,1,7,0.0009310048027946357,,0.9331944567051749,,0.0004155503041789521,
skeleton_wrist,Lifting,1,8,0.00134650157248932,,0.8972369260281811,,0.0005433557463940409,
skeleton_wrist,Lifting,1,9,0.001071981763019965,,0.9004522800902177,,0.0004490442467528318,
skeleton_wrist,Lifting,1,10,0.000990674623645598,,0.9145084259214683,,0.00041434819849398637,
skeleton_wrist,Lifting,2,1,0.0012606219037851597,,0.8358979479299146,,0.00040707801870553734,
skeleton_wrist,Lifting,2,2,0.0008818990665575443,,0.9256156093129794,,0.00041080702764261775,
skeleton_wrist,Lifting,2,3,0.001003333594675542,,0.9097024137112532,,0.0004457862592334551,
skeleton_wrist,Lifting,2,4,0.0009973541852635588,,0.9152181084341424,,0.00044307127817083897,
skeleton_wrist,Lifting,2,5,0.00108606714649115,,0.9057522667975364,,0.00047956719403491625,
skeleton_wrist,Lifting,2,6,0.0010326711207711572,,0.9173791261042757,,0.00046858494220330016,
skeleton_wrist,Lifting,2,7,0.0010435854114033201,,0.9296030575493559,,0.0005241022171577445,
skeleton_wrist,Lifting,2,8,0.0015630914028531729,,0.8212171189117585,,0.0005863566007949786,
skeleton_wrist,Lifting,2,9,0.0012376402919503297,,0.8755937236159179,,0.0004265439054109204,
skeleton_wrist,Lifting,2,10,0.0013647660016475986,,0.8279594176742526,,0.00041197469469931403,
full,Lifting,1,1,0.0010251343376339022,,0.9359661195856098,,0.0004892919186195412,
full,Lifting,1,2,0.000938975320333168,,0.9431372400894187,,0.0004622448062319548,
full,Lifting,1,3,0.0009888302186761208,,0.9296496118340942,,0.00044842741665664207,
full,Lifting,1,4,0.0008516653797120883,,0.9371159429235716,,0.0004149121568378703,
full,Lifting,1,5,0.0009061926647331432,,0.9405884892841405,,0.0004735923318131938,
full,Lifting,1,6,0.0009779364413659078,,0.9359126542618209,,0.00047519876223300217,
full,Lifting,1,7,0.0009247426000763999,,0.9355036570317643,,0.00042469108362912917,
full,Lifting,1,8,0.0011515137211538333,,0.9271946031068767,,0.0005132624405032558,
full,Lifting,1,9,0.0008025261533300339,,0.9443360154476653,,0.0004119603597288464,
full,Lifting,1,10,0.000798629446550657,,0.9419750901069033,,0.00041469856566067213,
full,Lifting,2,1,0.0008958463573365661,,0.907705804793218,,0.00035957787753248166,
full,Lifting,2,2,0.0008127561959047769,,0.9359332835668996,,0.0003819505535555019,
full,Lifting,2,3,0.0008535871382568505,,0.9341749915578152,,0.0004268443054690072,
full,Lifting,2,4,0.0008505981321276079,,0.9398719257539301,,0.00046730048319883915,
full,Lifting,2,5,0.0009033680173655796,,0.9307531657107868,,0.00047437060803502484,
full,Lifting,2,6,0.0008766219902398869,,0.9415650702261624,,0.0005079685213547752,
full,Lifting,2,7,0.00097610848945897,,0.9365589729538428,,0.000464895886969161,
full,Lifting,2,8,0.0009987509518435413,,0.9320582270794429,,0.000495180217686312,
full,Lifting,2,9,0.0009344878439785622,,0.9289182384291361,,0.000454523076998858,
full,Lifting,2,10,0.0010256772696852926,,0.8984745130151345,,0.0003961056121819898,
skeleton_only,Twirling,3,1,,2.4947614843890378,,0.8150470575266057,,0.8198961412294776
skeleton_only,Twirling,3,2,,2.707232609829051,,0.8131566823301548,,1.0604815193932045
skeleton_only,Twirling,3,3,,2.5011436283502784,,0.7824212851499041,,0.8668098656233845
skeleton_only,Twirling,3,4,,2.8985749293205423,,0.7457746046596114,,0.9325187460238242
skeleton_only,Twirling,3,5,,2.3812532621236295,,0.8127093879982257,,0.8359611490345488
skeleton_only,Twirling,3,6,,2.3439121264865492,,0.8461543078179063,,0.9739569353060986
skeleton_only,Twirling,3,7,,2.892236037546447,,0.8097358535845329,,1.0634856180162828
skeleton_only,Twirling,3,8,,3.0691730550090464,,0.7581266503029778,,0.9210336260936891
skeleton_only,Twirling,3,9,,2.1412449774508135,,0.8785262391443379,,0.9367670771918937
skeleton_only,Twirling,3,10,,2.5792163096209886,,0.846485484773869,,0.9996152560281287
skeleton_only,Twirling,4,1,,2.076530316732665,,0.850444939677778,,0.8919070926208529
skeleton_only,Twirling,4,2,,3.5640601724326006,,0.5855497588674794,,0.8634069931451885
skeleton_only,Twirling,4,3,,2.3157553213084245,,0.8277757996395037,,0.9376496422092525
skeleton_only,Twirling,4,4,,1.9510010274856533,,0.8678629370652426,,0.8014846639686009
skeleton_only,Twirling,4,5,,2.180377015776766,,0.8384440700656147,,0.92122790277264
skeleton_only,Twirling,4,6,,2.2140380454102386,,0.8515192152557705,,0.914912156143809
skeleton_only,Twirling,4,7,,2.2589898557421955,,0.8676112822202995,,0.9429213513853884
skeleton_only,Twirling,4,8,,2.0856248418285714,,0.883689539638933,,0.8576683031985893
skeleton_only,Twirling,4,9,,2.456689666341959,,0.7952427452961244,,0.8403511489077604
skeleton_only,Twirling,4,10,,2.1679373076899493,,0.8667785599616844,,0.8978170259865923
skeleton_wrist,Twirling,3,1,,2.1719491305882217,,0.854879761316407,,0.8675617168642177
skeleton_wrist,Twirling,3,2,,3.137270757367259,,0.717862323240583,,1.0559644620379953
skeleton_wrist,Twirling,3,3,,2.4793624056927195,,0.7850690001148444,,0.8398651890840202
skeleton_wrist,Twirling,3,4,,2.6086536397928626,,0.7931336813094805,,0.8851564547554924
skeleton_wrist,Twirling,3,5,,2.324818127699628,,0.821353975977601,,0.7925573627145022
skeleton_wrist,Twirling,3,6,,2.5546180524854343,,0.8237144894839183,,0.9647453795264577
skeleton_wrist,Twirling,3,7,,2.6917902201449904,,0.8337090005674237,,1.0880547330135024
skeleton_wrist,Twirling,3,8,,3.7102835207351963,,0.6615963981562509,,0.9084728968451754
skeleton_wrist,Twirling,3,9,,2.410561543712397,,0.8502077855290056,,1.0286309061391243
skeleton_wrist,Twirling,3,10,,2.636873658716359,,0.840148618718562,,0.9647770887080485
skeleton_wrist,Twirling,4,1,,2.197820194735915,,0.8344166514085922,,0.8748735834501729
skeleton_wrist,Twirling,4,2,,3.6628937646291377,,0.5383527802650983,,0.8792090336691596
skeleton_wrist,Twirling,4,3,,2.4265289133889687,,0.8124557391969887,,1.0065812692744103
skeleton_wrist,Twirling,4,4,,1.7288333187050509,,0.8951869887857833,,0.811185687870453
skeleton_wrist,Twirling,4,5,,1.9072441900747221,,0.8807651477327573,,0.8827987987892161
skeleton_wrist,Twirling,4,6,,2.2697413253619385,,0.8364990330349212,,0.9461187740167811
skeleton_wrist,Twirling,4,7,,2.214895198141998,,0.8749250923709657,,0.9265654999458788
skeleton_wrist,Twirling,4,8,,1.9743811571743262,,0.9010868113294737,,0.8520845279677547
skeleton_wrist,Twirling,4,9,,2.45262153291478,,0.8015086984543268,,0.9675797736785688
skeleton_wrist,Twirling,4,10,,2.0438654857206897,,0.880188742147276,,0.9368036575879105
full,Twirling,3,1,,2.420964398666277,,0.8238080729689206,,0.8301538629062728
full,Twirling,3,2,,2.535825666118798,,0.8255738811572402,,0.9787362497165873
full,Twirling,3,3,,2.3390939620532585,,0.8186606255696728,,0.843043876089136
full,Twirling,3,4,,2.765595556614031,,0.7661536650199207,,0.8752904805302332
full,Twirling,3,5,,2.2919174275560583,,0.8277709120605601,,0.8243832610133754
full,Twirling,3,6,,2.2703771675882525,,0.857374719251156,,0.9246168996649489
full,Twirling,3,7,,2.5478224925376516,,0.8536478137622141,,1.0518456853398024
full,Twirling,3,8,,3.1080781215557556,,0.7585162426863334,,0.8893086431272416
full,Twirling,3,9,,2.340093297380265,,0.8604942137120205,,0.9517179455977617
full,Twirling,3,10,,2.5771961318025807,,0.8486496312415598,,0.9876599534351134
full,Twirling,4,1,,2.162176994804049,,0.8476807288649336,,0.8993803261556144
full,Twirling,4,2,,3.582737149014442,,0.5760817763046457,,0.867079581996045
full,Twirling,4,3,,2.2783104360397637,,0.8392581397792369,,0.9883254479059582
full,Twirling,4,4,,1.664932342436646,,0.9036816882335605,,0.8040717532722036
full,Twirling,4,5,,1.949049020517981,,0.8711530063353392,,0.861812287790623
full,Twirling,4,6,,2.6643995755533085,,0.7721293530701071,,1.0044205321668807
full,Twirling,4,7,,2.117190636205985,,0.8834139064326099,,0.872614815589785
full,Twirling,4,8,,2.1033190231632637,,0.8839432452749276,,0.8850422095917274
full,Twirling,4,9,,2.5470583586588984,,0.7841388708374541,,0.8237916811029388
full,Twirling,4,10,,2.036724176907833,,0.8854845337407162,,0.9002048077218149
