Model,Task,Style,Test_Trial,RMSE_Z,RMSE_Theta,R_Z,R_Theta,DTW_Z,DTW_Theta
LSTM,Lifting,1,1,0.001050812181558124,,0.933411101720916,,0.0005066803403542864,
LSTM,Lifting,1,2,0.0009671978810898282,,0.9429283699013327,,0.0004711584502381868,
LSTM,Lifting,1,3,0.001004158415688521,,0.9320152389574804,,0.00047902986509080277,
LSTM,Lifting,1,4,0.0009143443308390462,,0.9387749140237511,,0.0004265934802055409,
LSTM,Lifting,1,5,0.0009085579477302185,,0.9442880550327716,,0.00047206787999377723,
LSTM,Lifting,1,6,0.0009597523226653039,,0.9288404306306954,,0.0005067542578852629,
LSTM,Lifting,1,7,0.0009208377133299898,,0.9340478403276453,,0.00042798718179467204,
LSTM,Lifting,1,8,0.0011853044233735206,,0.9230218194388198,,0.0005205989403235317,
LSTM,Lifting,1,9,0.0008113157784266295,,0.944660978313778,,0.00041693044098113977,
LSTM,Lifting,1,10,0.0008292561428748242,,0.9428855665797661,,0.0004067072148670604,
LSTM,Lifting,2,1,0.0009178694612968427,,0.9060440971385717,,0.0003912965426088741,
LSTM,Lifting,2,2,0.0007586167355689048,,0.944782857094506,,0.000391854436143877,
LSTM,Lifting,2,3,0.0008198528980749944,,0.9348564317954293,,0.00041777719182055974,
LSTM,Lifting,2,4,0.0008696833643772206,,0.9356532777123692,,0.0004448641772607612,
LSTM,Lifting,2,5,0.0010081381162297383,,0.9216952478414233,,0.0004575478818029741,
LSTM,Lifting,2,6,0.0009006032368122454,,0.9433837863302235,,0.0005087218220005339,
LSTM,Lifting,2,7,0.0009105525196020023,,0.9449551672463579,,0.000485619097532551,
LSTM,Lifting,2,8,0.0010633810044980779,,0.9257406047493517,,0.00048237291330444163,
LSTM,Lifting,2,9,0.0008685579359781527,,0.9387077299632034,,0.00046402497356526687,
LSTM,Lifting,2,10,0.0011321829595639307,,0.9016724402590206,,0.00039926891165361007,
RNN,Lifting,1,1,0.0010747616800514997,,0.9254194004301317,,0.0005046724953796912,
RNN,Lifting,1,2,0.0009259825180362384,,0.9440942433594297,,0.0004319592760130272,
RNN,Lifting,1,3,0.00105779648521821,,0.9192107298482509,,0.00044170486343537914,
RNN,Lifting,1,4,0.0009732315806424482,,0.9294785557693902,,0.00039488183423335116,
RNN,Lifting,1,5,0.0009739787184005334,,0.9347893652976014,,0.00041003069543861715,
RNN,Lifting,1,6,0.000988488207377175,,0.9360109274629489,,0.0004519909208843335,
RNN,Lifting,1,7,0.0009533886956451264,,0.9297810785083793,,0.00043823400941457043,
RNN,Lifting,1,8,0.0011758336013485246,,0.925420783279442,,0.0005246670678071738,
RNN,Lifting,1,9,0.0008536363081117181,,0.9390013280758647,,0.0003917145828950644,
RNN,Lifting,1,10,0.0008222573357032136,,0.9360903834132202,,0.00037797620194661576,
RNN,Lifting,2,1,0.0009905388552200627,,0.889146147700933,,0.0003621768097259404,
RNN,Lifting,2,2,0.0008388211453201335,,0.9342248976354528,,0.00038904899925870293,
RNN,Lifting,2,3,0.0008056938024141792,,0.9369380616143079,,0.00039743639516905187,
RNN,Lifting,2,4,0.0008601804960572479,,0.9391204696003801,,0.00040089155523016995,
RNN,Lifting,2,5,0.0010520981253945329,,0.9106572209306583,,0.00041940162562560126,
RNN,Lifting,2,6,0.0009686073057733754,,0.93105114883134,,0.0004473903035976813,
RNN,Lifting,2,7,0.0009437927054947768,,0.9461759982741454,,0.00046127026828372044,
RNN,Lifting,2,8,0.001060626672271862,,0.9234336754126713,,0.00045471856913592123,
RNN,Lifting,2,9,0.0009778389688213875,,0.9214809233582538,,0.0004141459072282157,
RNN,Lifting,2,10,0.0008712984462523631,,0.9370234895332789,,0.0003861656106499306,
MLP,Lifting,1,1,0.0011089638686577685,,0.9301667306054917,,0.0005249816234360971,
MLP,Lifting,1,2,0.0010069077856246253,,0.9381785039178242,,0.00048724067710623876,
MLP,Lifting,1,3,0.0009862398137374653,,0.9293757519079566,,0.00048125436330885714,
MLP,Lifting,1,4,0.0008980807377048312,,0.9387846207675196,,0.00043046641150521907,
MLP,Lifting,1,5,0.0009701042676571228,,0.9372424248742772,,0.0004617979747078183,
MLP,Lifting,1,6,0.001178276968254661,,0.9240807472162224,,0.0005455417497128848,
MLP,Lifting,1,7,0.0009289759531188804,,0.9342333953319699,,0.000438892220626966,
MLP,Lifting,1,8,0.0012255478608426136,,0.9232397439815687,,0.0005345252641619982,
MLP,Lifting,1,9,0.0008615602828704585,,0.9383850209358093,,0.00043825652585764707,
MLP,Lifting,1,10,0.0008341300197457203,,0.9363495266697458,,0.0004207723794763189,
MLP,Lifting,2,1,0.0009692156968181177,,0.9099947106246923,,0.0004087419448359158,
MLP,Lifting,2,2,0.0009686760487295878,,0.9301167932626955,,0.00043584251583755115,
MLP,Lifting,2,3,0.0007939807536495668,,0.9410183248492354,,0.0004539108177083681,
MLP,Lifting,2,4,0.000867171105476384,,0.9360708666488992,,0.0004748702046062671,
MLP,Lifting,2,5,0.0009495999681245362,,0.9272920369937481,,0.0004772563062790191,
MLP,Lifting,2,6,0.0009322188964377965,,0.9372654818012047,,0.0005246543873846367,
MLP,Lifting,2,7,0.001054019925636667,,0.9430710372516433,,0.0005496448382255355,
MLP,Lifting,2,8,0.0011379549498854395,,0.9194218172990418,,0.0005121660658129342,
MLP,Lifting,2,9,0.0009611395590233223,,0.930343046087635,,0.00047290451075176847,
MLP,Lifting,2,10,0.0012494467412592788,,0.9231183029881804,,0.00042866417297974613,
SVR,Lifting,1,1,0.0012081894219489024,,0.9160307536985577,,0.0005232448894831303,
SVR,Lifting,1,2,0.0018903785804452742,,0.8858080014568084,,0.0006581377755835709,
SVR,Lifting,1,3,0.0012382267956609044,,0.9160095513990286,,0.0005080012054825723,
SVR,Lifting,1,4,0.0013383452313673481,,0.9026386439025827,,0.0005397435350068934,
SVR,Lifting,1,5,0.0012970108825052589,,0.9215160719097741,,0.0005636347498182615,
SVR,Lifting,1,6,0.0017018531799428,,0.8834564559935706,,0.0006635806585468818,
SVR,Lifting,1,7,0.0010239107055856533,,0.9363231589551264,,0.00046048071175214207,
SVR,Lifting,1,8,0.0013882847301444007,,0.9116749514107787,,0.0005817740168723228,
SVR,Lifting,1,9,0.0010813521161117494,,0.9246289729736472,,0.000487596551214761,
SVR,Lifting,1,10,0.0011609562540760184,,0.9166670998977376,,0.0004876156229728391,
SVR,Lifting,2,1,0.0011309017639735926,,0.8842600824537037,,0.00046886203295472533,
SVR,Lifting,2,2,0.0009589261196964846,,0.9099970119211489,,0.00045487906108892157,
SVR,Lifting,2,3,0.0008844198517069392,,0.9292149254610056,,0.0004659404140574729,
SVR,Lifting,2,4,0.0009150957518598037,,0.9292200231105278,,0.00048214896403846235,
SVR,Lifting,2,5,0.0009782762084326515,,0.9191386171828286,,0.0005230766554457154,
SVR,Lifting,2,6,0.001083082811062709,,0.9181734113857403,,0.0005112972186603373,
SVR,Lifting,2,7,0.0012344805531528432,,0.9231820342583896,,0.0005696053199258981,
SVR,Lifting,2,8,0.001818397796694716,,0.7839965626594358,,0.0007690019945129135,
SVR,Lifting,2,9,0.001221287033876952,,0.8999657942429907,,0.0005018907266645032,
SVR,Lifting,2,10,0.0014375086591378568,,0.8633646805689699,,0.0005305235521131529,
LSTM,Twirling,3,1,,2.4391940705723227,,0.8173000665676319,,0.8084794080344905
LSTM,Twirling,3,2,,2.991905404654559,,0.7580928807251877,,1.1175972879412137
LSTM,Twirling,3,3,,2.3387765152116438,,0.828149319332947,,0.8135041696623142
LSTM,Twirling,3,4,,2.5362214644320837,,0.8037196261301458,,0.9099725474444473
LSTM,Twirling,3,5,,2.411056982700967,,0.8122664322513686,,0.83530350419475
LSTM,Twirling,3,6,,2.2773013791317855,,0.8578616503674779,,0.8600674615878718
LSTM,Twirling,3,7,,2.752958913856114,,0.8250008322170148,,1.057271487112875
LSTM,Twirling,3,8,,3.19275887978966,,0.7506210925457164,,0.8803291761699352
LSTM,Twirling,3,9,,2.3419503110466553,,0.8578736138124945,,0.9292985409365067
LSTM,Twirling,3,10,,2.8199441360455215,,0.8090183894464567,,0.9640198334381185
LSTM,Twirling,4,1,,2.119221156506671,,0.854390032045163,,0.8713900930996001
LSTM,Twirling,4,2,,3.4881748034596116,,0.5751873819283588,,0.9026455841201401
LSTM,Twirling,4,3,,2.164771239017883,,0.8511667389142349,,0.9660756140922071
LSTM,Twirling,4,4,,1.6879557055900503,,0.9023218661318763,,0.7997418468486703
LSTM,Twirling,4,5,,1.883364362715887,,0.8801169590525425,,0.8883614065737228
LSTM,Twirling,4,6,,2.0394056869146664,,0.8726811040185123,,0.8881473030439804
LSTM,Twirling,4,7,,2.393671154150746,,0.8664208550250425,,0.8557571569473275
LSTM,Twirling,4,8,,2.0911935322200317,,0.8841867321287755,,0.8489211351013847
LSTM,Twirling,4,9,,2.5157406880749265,,0.7870909312955875,,0.8032955302868023
LSTM,Twirling,4,10,,2.1065150536855586,,0.8740053309445863,,0.8960119246383268
RNN,Twirling,3,1,,2.4199670257224817,,0.8218034391524922,,0.7991445714519941
RNN,Twirling,3,2,,2.569041423794182,,0.8201006947925809,,0.9334773989041384
RNN,Twirling,3,3,,2.4592911350510387,,0.7885467474631946,,0.8636716322877224
RNN,Twirling,3,4,,2.54542642014586,,0.8050492003999654,,0.9036065955919355
RNN,Twirling,3,5,,2.6484069819144938,,0.7864147507060415,,0.8191437904407372
RNN,Twirling,3,6,,2.4045448128339517,,0.8393048365701814,,0.9394783446001144
RNN,Twirling,3,7,,2.7340980588359063,,0.8291692680206525,,1.0052327141968187
RNN,Twirling,3,8,,3.248711134439989,,0.7397661049600053,,0.8519477332115458
RNN,Twirling,3,9,,2.3872722674167304,,0.8485312268277309,,0.902352158630582
RNN,Twirling,3,10,,2.6093338596292592,,0.8411178057449993,,0.9280518719199341
RNN,Twirling,4,1,,2.264068674681866,,0.8252464864548639,,0.8392347305691901
RNN,Twirling,4,2,,3.448721963212993,,0.5895190807921211,,0.867231280636511
RNN,Twirling,4,3,,2.3157795250095616,,0.8292005298518428,,0.9260556489881498
RNN,Twirling,4,4,,1.6981147736689024,,0.901506300524487,,0.7850130465157036
RNN,Twirling,4,5,,1.9203395195551825,,0.8850553445624252,,0.8209910849772407
RNN,Twirling,4,6,,2.808527097504602,,0.7408717040339082,,0.8493774044422687
RNN,Twirling,4,7,,2.219497137384739,,0.877147762936688,,0.8312739416310395
RNN,Twirling,4,8,,2.2588483570309377,,0.8594138959371274,,0.9241112059319777
RNN,Twirling,4,9,,2.375145371259123,,0.8159734817314568,,0.8284868470179015
RNN,Twirling,4,10,,2.0410676227701736,,0.8927048866429442,,0.8645527982299959
MLP,Twirling,3,1,,2.4734264493815883,,0.8058093783094733,,0.9462847331422265
MLP,Twirling,3,2,,2.98097639493506,,0.7882918058128037,,0.9323318393342802
MLP,Twirling,3,3,,2.3518377320468993,,0.8149767027109218,,0.8562517816038278
MLP,Twirling,3,4,,2.6288710152268058,,0.8074216322289023,,0.9828333399488334
MLP,Twirling,3,5,,2.52850706397284,,0.7775932343386021,,0.8521849949418538
MLP,Twirling,3,6,,2.185734416123248,,0.8702108425715116,,0.9418000232481555
MLP,Twirling,3,7,,2.4540386332236115,,0.8674596835338261,,1.0630125702994404
MLP,Twirling,3,8,,3.4839825328245624,,0.6710924853298849,,0.9801381140422454
MLP,Twirling,3,9,,2.723701417913252,,0.8002115049957917,,0.9216085650182193
MLP,Twirling,3,10,,2.410187574044715,,0.8736064885142798,,0.9893322521614616
MLP,Twirling,4,1,,2.1752890187855725,,0.8349928936199882,,0.9760436134657136
MLP,Twirling,4,2,,3.2812814277709275,,0.5970087715556911,,0.8833754762249714
MLP,Twirling,4,3,,2.1327357767558506,,0.8691895924893108,,0.9659231620524118
MLP,Twirling,4,4,,1.8164893900350492,,0.8861206967385529,,0.8464697066739206
MLP,Twirling,4,5,,1.811144567286781,,0.8923644893175632,,0.878827730421042
MLP,Twirling,4,6,,2.071540378310364,,0.8866736618464601,,0.8685307471913438
MLP,Twirling,4,7,,2.6273708209493427,,0.851086019046829,,1.0579289686467916
MLP,Twirling,4,8,,2.4573756659338457,,0.8591271207230406,,0.9441760348351725
MLP,Twirling,4,9,,2.3271891702123626,,0.8189811725579703,,0.8211916669085809
MLP,Twirling,4,10,,2.108817109823522,,0.8827572185360992,,0.84811857623446
SVR,Twirling,3,1,,2.6682768603389984,,0.7802412495570588,,0.9295205132878045
SVR,Twirling,3,2,,3.0112074369533994,,0.7936739417671921,,1.157339921511118
SVR,Twirling,3,3,,2.4829363868755006,,0.7761130610439008,,0.9282187407753568
SVR,Twirling,3,4,,2.62598642175267,,0.7877193459866684,,1.0053034187696699
SVR,Twirling,3,5,,2.5073600624688686,,0.7882110937458029,,0.9494052776347335
SVR,Twirling,3,6,,2.3271118245870883,,0.8667973690459017,,1.0281639086174705
SVR,Twirling,3,7,,2.5683995210863695,,0.8563317796731116,,1.1252776473653934
SVR,Twirling,3,8,,3.421077553594829,,0.6775658230670477,,1.0572136361824538
SVR,Twirling,3,9,,3.155345368387016,,0.7258476762984012,,1.2114120899802532
SVR,Twirling,3,10,,2.6336611834868338,,0.8724300036511664,,1.186085750048274
SVR,Twirling,4,1,,2.1472780967204277,,0.8517452834680797,,0.9659896930265974
SVR,Twirling,4,2,,3.2793300893740196,,0.57270547919823,,0.96307998084627
SVR,Twirling,4,3,,2.0736387725661394,,0.8717989735916132,,0.9742942108451347
SVR,Twirling,4,4,,1.7620699952913852,,0.8956166431377357,,0.8487314334585175
SVR,Twirling,4,5,,1.7719229194053139,,0.8962910235286135,,0.9498349768552562
SVR,Twirling,4,6,,2.3102173701960633,,0.8502374451713831,,0.9846747145536368
SVR,Twirling,4,7,,2.492871774354583,,0.8685113272093792,,0.971267785461639
SVR,Twirling,4,8,,2.5622255035509554,,0.8583640286086924,,0.9514362731803196
SVR,Twirling,4,9,,2.2049464071330105,,0.8485889124393846,,0.9661175108361681
SVR,Twirling,4,10,,2.5169064699161745,,0.8177516513453016,,1.1030162686468687
