Time_s,Target_Z_m,Target_Theta_rad,Actual_Z_m,Actual_Theta_rad
0.0003020000003743917,0.3,0.0,0.299979,0.0
0.019519800000125542,0.2995580550143082,0.0,0.299979,0.0
0.04155339999124408,0.2990876399290508,0.0,0.299984,0.0
0.06172369999694638,0.2985899678330076,0.0,0.299984,0.0
0.08115949999773875,0.2980662518149588,0.0,0.299984,0.0
0.10217920001014136,0.2975177049636841,0.0,0.298641,0.0
0.12136329998611473,0.2969455403679636,0.0,0.298641,0.0
0.14099759998498484,0.29635097111657727,0.0,0.298641,0.0
0.1613655999826733,0.2957352102983051,0.0,0.296655,0.0
0.18019819998880848,0.2950994710019271,0.0,0.296655,0.0
0.2005156000086572,0.2944449663162231,0.0,0.296655,0.0
0.22110130000510253,0.2937737269714408,0.0,0.294887,0.0
0.24158070000703447,0.2930910542636976,0.0,0.294887,0.0
0.2613274999894202,0.29240306713057873,0.0,0.294887,0.0
0.28037329998915084,0.2917158845096693,0.0,0.292404,0.0
0.3008519999857526,0.2910356253385544,0.0,0.292404,0.0
0.32188949998817407,0.290367593819523,0.0,0.292404,0.0
0.3408640999987256,0.2897138352136802,0.0,0.290574,0.0
0.3609817999822553,0.2890755800468344,0.0,0.290574,0.0
0.3810857000062242,0.2884540588447946,0.0,0.290574,0.0
0.401453099999344,0.2878505021333694,0.0,0.288498,0.0
0.42137349999393336,0.28726576780280455,0.0,0.288498,0.0
0.44067149999318644,0.2866992232010931,0.0,0.288498,0.0
0.46140749999904074,0.2861498630406651,0.0,0.286393,0.0
0.48059039999498054,0.2856166820339505,0.0,0.286393,0.0
0.5011230999953113,0.2850986748933792,0.0,0.286393,0.0
0.5206360000011045,0.28459521363708995,0.0,0.285013,0.0
0.5410263999947347,0.28410717950605613,0.0,0.285013,0.0
0.5612609999952838,0.28363583104695955,0.0,0.285013,0.0
0.5812853999959771,0.2831824268064824,0.0,0.283177,0.0
0.6006687000044622,0.2827482253313064,0.0,0.283177,0.0
0.6210312999901362,0.2823342829432537,0.0,0.283177,0.0
0.6415452999935951,0.2819408470647061,0.0,0.282187,0.0
0.6606471999839414,0.2815679628931853,0.0,0.282187,0.0
0.6805824000039138,0.2812156756262131,0.0,0.282187,0.0
0.7016553999856114,0.2808840304613113,0.0,0.280907,0.0
0.7204766999930143,0.2805731799404657,0.0,0.280907,0.0
0.7409367999935057,0.28028370598351726,0.0,0.280907,0.0
0.7606121999851894,0.2800162978547713,0.0,0.279827,0.0
0.7816390999942087,0.2797716448185328,0.0,0.279827,0.0
0.8014169000089169,0.2795504361391067,0.0,0.279827,0.0
0.8207909000047948,0.27935315621994,0.0,0.279034,0.0
0.8416423999879044,0.27917947002104593,0.0,0.279034,0.0
0.8607720999862067,0.27902883764157926,0.0,0.279034,0.0
0.8806896999885794,0.27890071918069526,0.0,0.27851,0.0
0.9013042000005953,0.27879457473754876,0.0,0.27851,0.0
0.9207886999938637,0.27870989379866307,0.0,0.27851,0.0
0.9416597000090405,0.2786462834000344,0.0,0.278159,0.0
0.9616315999883227,0.27860337996502726,0.0,0.278159,0.0
0.9816303999978118,0.27858081991700645,0.0,0.278159,0.0
1.0008785999962129,0.2785782396793365,0.0,0.278013,0.0
1.0206996999913827,0.2785951692716717,0.0,0.278013,0.0
1.041723100002855,0.27863071309882537,0.0,0.278013,0.0
1.0607350000063889,0.2786838691619007,0.0,0.27799,0.0
1.0807550000026822,0.2787536354620009,0.0,0.27799,0.0
1.1014647999836598,0.2788390100002289,0.0,0.27799,0.0
1.121047599997837,0.2789390443976624,0.0,0.278062,0.0
1.1412460999854375,0.2790530047552773,0.0,0.278062,0.0
1.160619600006612,0.2791802107940239,0.0,0.278062,0.0
1.1806238999997731,0.2793199822348526,0.0,0.278435,0.0
1.2015806999988854,0.27947163879871373,0.0,0.278435,0.0
1.2210994999913964,0.27963465999364323,0.0,0.278435,0.0
1.24208679998992,0.2798091644760201,0.0,0.278932,0.0
1.2619975999987219,0.279995430689309,0.0,0.278932,0.0
1.2818690999993123,0.2801937370769745,0.0,0.278932,0.0
1.3013434000022244,0.28040436208248143,0.0,0.279676,0.0
1.3210593999829143,0.2806272993151655,0.0,0.279676,0.0
1.3411091000016313,0.280861403047849,0.0,0.279676,0.0
1.3623528000025544,0.2811052427192249,0.0,0.280153,0.0
1.3804922999988776,0.2813573877679867,0.0,0.280153,0.0
1.4007593999849632,0.2816164076328277,0.0,0.280153,0.0
1.4216912999982014,0.2818809054953665,0.0,0.281061,0.0
1.4412727000017185,0.2821496195089222,0.0,0.281061,0.0
1.4602832999953534,0.2824213215697395,0.0,0.281061,0.0
1.4802863000077195,0.2826947835740627,0.0,0.282038,0.0
1.5014112000062596,0.2829687774181366,0.0,0.282038,0.0
1.520326700003352,0.283242164659942,0.0,0.282038,0.0
1.541106699994998,0.2835141655044063,0.0,0.282974,0.0
1.5614884000096936,0.28378408981819303,0.0,0.282974,0.0
1.580480999982683,0.2840512474679659,0.0,0.282974,0.0
1.6010563999880105,0.2843149483203888,0.0,0.283645,0.0
1.62146229998325,0.2845746843218203,0.0,0.283645,0.0
1.6406206999963615,0.2848306757373993,0.0,0.283645,0.0
1.6616788000101224,0.2850833249119595,0.0,0.284595,0.0
1.680654299998423,0.2853330341903345,0.0,0.284595,0.0
1.7008331999822985,0.2855802059173584,0.0,0.284595,0.0
1.7210890999995172,0.2858250672338374,0.0,0.285089,0.0
1.7400981000100728,0.2860671444644689,0.0,0.285089,0.0
1.7622457999968901,0.28630578872992263,0.0,0.285089,0.0
1.7802556999959052,0.2865403511508686,0.0,0.285885,0.0
1.8009509000112303,0.28677018284797673,0.0,0.285885,0.0
1.8210132000094745,0.2869946650394532,0.0,0.285885,0.0
1.8413395000097807,0.2872132993336498,0.0,0.286678,0.0
1.8612588999967556,0.2874256174364547,0.0,0.286678,0.0
1.8813666999922134,0.2876311510537558,0.0,0.286678,0.0
1.9008978999918327,0.2878294318914413,0.0,0.287446,0.0
1.9209378999948967,0.2880199688640337,0.0,0.287446,0.0
1.9420309999841265,0.2882021797205927,0.0,0.287446,0.0
1.961262800003169,0.2883754594188127,0.0,0.287973,0.0
1.9804947999946307,0.288539202916388,0.0,0.287973,0.0
2.0013059999910183,0.2886928051710129,0.0,0.287973,0.0
2.0216505999851506,0.2888358509543404,0.0,0.288511,0.0
2.0423897999862675,0.2889686842938593,0.0,0.288511,0.0
2.0602639999997336,0.28909183903101743,0.0,0.288511,0.0
2.08118559999275,0.2892058490072621,0.0,0.288944,0.0
2.101396499987459,0.28931124806404107,0.0,0.288944,0.0
2.120605300005991,0.2894087098858197,0.0,0.288944,0.0
2.1417382000072394,0.2894994675291331,0.0,0.289361,0.0
2.161401199991815,0.28958489389353437,0.0,0.289361,0.0
2.1815409999981057,0.2896663618785763,0.0,0.289361,0.0
2.200917499983916,0.2897452443838119,0.0,0.289637,0.0
2.2209832000080496,0.2898225893886265,0.0,0.289637,0.0
2.2417419999837875,0.2898981451917352,0.0,0.289637,0.0
2.2617180999950506,0.2899713351716853,0.0,0.289802,0.0
2.2811612999939825,0.2900415827070244,0.0,0.289802,0.0
2.3006296000094153,0.2901083111763,0.0,0.289802,0.0
2.3209524999838322,0.2901710898014954,0.0,0.290057,0.0
2.3410385999886785,0.2902300711783372,0.0,0.290057,0.0
2.3612404000014067,0.2902855537459877,0.0,0.290057,0.0
2.3802444000029936,0.2903378359436097,0.0,0.290215,0.0
2.4010383999848273,0.2903872162103653,0.0,0.290215,0.0
2.421001200011233,0.290434036965809,0.0,0.290215,0.0
2.4421766999876127,0.2904788165510624,0.0,0.290441,0.0
2.4602861999883316,0.290522117287639,0.0,0.290441,0.0
2.4807851999939885,0.2905645014970525,0.0,0.290441,0.0
2.5010273999942,0.2906065315008163,0.0,0.290588,0.0
2.5216795000014827,0.2906486702999751,0.0,0.290588,0.0
2.5412302000040654,0.29069098361369783,0.0,0.290588,0.0
2.5602129999897443,0.2907334378406844,0.0,0.290732,0.0
2.5811660999897867,0.290775999379635,0.0,0.290732,0.0
2.6018902999931015,0.2908186346292496,0.0,0.290732,0.0
2.6213130000105593,0.2908613235432367,0.0,0.290858,0.0
2.6407348999928217,0.2909041002953396,0.0,0.290858,0.0
2.661156199988909,0.2909470126143099,0.0,0.290858,0.0
2.681267599982675,0.2909901082288991,0.0,0.29097,0.0
2.701026399998227,0.29103343486785893,0.0,0.29097,0.0
2.721043400000781,0.29107691346057996,0.0,0.291106,0.0
2.741227999998955,0.2911199577390088,0.0,0.291106,0.0
2.7612306000082754,0.29116185463573085,0.0,0.291106,0.0
2.780541299987817,0.2912018910833317,0.0,0.291106,0.0
2.8008686999964993,0.2912393540143967,0.0,0.29129,0.0
2.8217136999883223,0.29127381395717855,0.0,0.29129,0.0
2.841822999995202,0.29130597582259965,0.0,0.29129,0.0
2.861688700009836,0.2913368281172492,0.0,0.291417,0.0
2.8811859999841545,0.2913673593477167,0.0,0.291417,0.0
2.9001581000047736,0.29139855802059167,0.0,0.291417,0.0
2.9221791999880224,0.29143106464415436,0.0,0.291516,0.0
2.941178699984448,0.2914641277334482,0.0,0.291516,0.0
2.9611483000044245,0.2914966478052073,0.0,0.291516,0.0
2.981591699994169,0.291527525376166,0.0,0.291595,0.0
3.0015920999867376,0.2915556609630585,0.0,0.291595,0.0
3.0214669999841135,0.2915801988552113,0.0,0.291595,0.0
3.040516999986721,0.29160125843232065,0.0,0.291677,0.0
3.061343499983195,0.291619202846675,0.0,0.291677,0.0
3.080366399983177,0.2916343952505627,0.0,0.291677,0.0
3.100726600008784,0.2916471987962723,0.0,0.291741,0.0
3.1206936000089627,0.29165795119331617,0.0,0.291741,0.0
3.1407964999962132,0.29166688838010335,0.0,0.291741,0.0
3.1609572999877855,0.2916742208522668,0.0,0.291784,0.0
3.1811457999865524,0.2916801591054393,0.0,0.291784,0.0
3.200627299986081,0.2916849136352539,0.0,0.291784,0.0
3.2216336999845225,0.291688617666499,0.0,0.291796,0.0
3.2415975999902003,0.2916910953405852,0.0,0.291796,0.0
3.260923299996648,0.2916920935280787,0.0,0.291796,0.0
3.2818121000018436,0.2916913590995457,0.0,0.291794,0.0
3.3019388999964576,0.2916886389255524,0.0,0.291794,0.0
3.321522599988384,0.291683753572893,0.0,0.291794,0.0
3.3406625000061467,0.291676818393275,0.0,0.291803,0.0
3.36079599999357,0.29166802243463386,0.0,0.291803,0.0
3.3808075999841094,0.2916575547449052,0.0,0.291803,0.0
3.401081799995154,0.29164560437202447,0.0,0.291801,0.0
3.4221152999962214,0.2916323680362068,0.0,0.291801,0.0
3.4410566999868024,0.29161807314678523,0.0,0.291801,0.0
3.4620774000068195,0.2916029547853723,0.0,0.291791,0.0
3.4811968999856617,0.2915872480335805,0.0,0.291791,0.0
3.5011432000028435,0.2915711879730225,0.0,0.291791,0.0
3.5214369999885093,0.291555063609901,0.0,0.291763,0.0
3.540688200009754,0.2915393796487802,0.0,0.291763,0.0
3.560792300006142,0.2915246947188141,0.0,0.291763,0.0
3.5809912999975495,0.2915115674491572,0.0,0.291763,0.0
3.601780700002564,0.29150055646896356,0.0,0.291711,0.0
3.6211971000011545,0.29149199787121205,0.0,0.291711,0.0
3.6407016000011936,0.2914853376041787,0.0,0.291711,0.0
3.66126809999696,0.2914797990799642,0.0,0.291671,0.0
3.680714699992677,0.29147460571066897,0.0,0.291671,0.0
3.7015587000059895,0.2914689809083938,0.0,0.291671,0.0
3.7212986999948043,0.29146225617501076,0.0,0.291644,0.0
3.740319400007138,0.2914541953714785,0.0,0.291644,0.0
3.7604332999908365,0.29144467044852695,0.0,0.291644,0.0
3.781059400003869,0.29143355335688637,0.0,0.291601,0.0
3.8019767999940086,0.29142071604728703,0.0,0.291601,0.0
3.8220708000008017,0.291406116644214,0.0,0.291601,0.0
3.8409677000017837,0.2913900579671735,0.0,0.291566,0.0
3.861170399992261,0.29137292900942713,0.0,0.291566,0.0
3.8812452999991365,0.2913551187642358,0.0,0.291566,0.0
3.900428799999645,0.2913370162248611,0.0,0.29149,0.0
3.9207011999969836,0.2913189693486581,0.0,0.29149,0.0
3.9411427000013646,0.2913011619493567,0.0,0.29149,0.0
3.9608625999826472,0.2912837368047805,0.0,0.291428,0.0
3.9817654000071343,0.291266836692753,0.0,0.291428,0.0
4.000929900008487,0.29125060439109796,0.0,0.291428,0.0
4.021886000002269,0.2912351062714791,0.0,0.291341,0.0
4.0415976000076625,0.2912201030809196,0.0,0.291341,0.0
4.061580100009451,0.29120527916028316,0.0,0.291341,0.0
4.080552900006296,0.2911903188504333,0.0,0.291283,0.0
4.101216799987014,0.2911749064922333,0.0,0.291283,0.0
4.120984799985308,0.2911587726796834,0.0,0.291283,0.0
4.141856100002769,0.2911418330193307,0.0,0.291219,0.0
4.160875700006727,0.2911240493708591,0.0,0.291219,0.0
4.180980300006922,0.2911053835939523,0.0,0.291219,0.0
4.201790399994934,0.2910857975482941,0.0,0.291157,0.0
4.220921400003135,0.29106536323622767,0.0,0.291157,0.0
4.2426656000025105,0.2910445932307344,0.0,0.29108,0.0
4.260593199986033,0.29102411024745456,0.0,0.29108,0.0
4.280777699983446,0.2910045370020291,0.0,0.29108,0.0
4.300824400008423,0.2909864962100983,0.0,0.29108,0.0
4.320784299983643,0.2909703553871778,0.0,0.291011,0.0
4.341885400004685,0.29095546124828353,0.0,0.291011,0.0
4.361038800008828,0.2909409053083058,0.0,0.291011,0.0
4.380879700009245,0.29092577908213546,0.0,0.290953,0.0
4.40256399998907,0.2909091740846634,0.0,0.290953,0.0
4.421743999992032,0.2908904112075307,0.0,0.290953,0.0
4.4411438000097405,0.29086972884938156,0.0,0.290913,0.0
4.4612392999988515,0.2908475947856109,0.0,0.290913,0.0
4.480810000008205,0.2908244767916135,0.0,0.290913,0.0
4.500910800008569,0.29080084264278405,0.0,0.290825,0.0
4.521362600004068,0.2907771144772947,0.0,0.290825,0.0
4.540730699984124,0.2907535318844255,0.0,0.290825,0.0
4.561772999993991,0.2907302888162336,0.0,0.290765,0.0
4.581701899995096,0.2907075792247763,0.0,0.290765,0.0
4.600980399991386,0.2906855970621109,0.0,0.290765,0.0
4.621482499991544,0.2906644989891787,0.0,0.290701,0.0
4.640490099991439,0.2906442925024581,0.0,0.290701,0.0
4.661000799998874,0.2906249478073114,0.0,0.290701,0.0
4.6811845999909565,0.2906064351091011,0.0,0.290659,0.0
4.701107700006105,0.2905887246131897,0.0,0.290659,0.0
4.721672999992734,0.2905717339673498,0.0,0.290659,0.0
4.741606900002807,0.2905551705889955,0.0,0.290587,0.0
4.760668200004147,0.29053868933795113,0.0,0.290587,0.0
4.781747100001667,0.2905219450740409,0.0,0.290587,0.0
4.801181499991799,0.29050459265708917,0.0,0.29051,0.0
4.8207918999833055,0.2904862070004765,0.0,0.29051,0.0
4.841863100009505,0.2904660432318078,0.0,0.290445,0.0
4.8611489000031725,0.2904432765322445,0.0,0.290445,0.0
4.880762599990703,0.2904170820829477,0.0,0.290445,0.0
4.901063500001328,0.29038663506507867,0.0,0.290445,0.0
4.921319599990966,0.29035123194840007,0.0,0.290358,0.0
4.941579000005731,0.29031065435707937,0.0,0.290358,0.0
4.961319900001399,0.2902648052038854,0.0,0.290358,0.0
4.980478799989214,0.2902135874015871,0.0,0.290222,0.0
5.000589300005231,0.29015690386295323,0.0,0.290222,0.0
5.021188999991864,0.2900946645185147,0.0,0.290222,0.0
5.041157300001942,0.2900268073698505,0.0,0.290051,0.0
5.060354899993399,0.2899532774363019,0.0,0.290051,0.0
5.0807284000038635,0.28987401973721,0.0,0.289828,0.0
5.100722500006668,0.2897889792919159,0.0,0.289828,0.0
5.1214361999882385,0.2896977557800391,0.0,0.289828,0.0
5.140268199989805,0.2895985675223136,0.0,0.289828,0.0
5.16035789999296,0.28948928749975156,0.0,0.289531,0.0
5.180572099983692,0.2893677886933655,0.0,0.289531,0.0
5.201029799995013,0.2892319440841675,0.0,0.289531,0.0
5.221587899985025,0.2890792780624319,0.0,0.28919,0.0
5.240943199984031,0.2889059206554808,0.0,0.28919,0.0
5.261342899990268,0.2887076532998981,0.0,0.28919,0.0
5.281496899988269,0.2884802574322678,0.0,0.288733,0.0
5.300499800010584,0.2882195144891739,0.0,0.288733,0.0
5.32150210000691,0.28792182349283146,0.0,0.288,0.0
5.340480499988189,0.2875860538079804,0.0,0.288,0.0
5.360616299993126,0.2872116923849913,0.0,0.288,0.0
5.380688000004739,0.2867982261742354,0.0,0.287024,0.0
5.400684699998237,0.2863451421260834,0.0,0.287024,0.0
5.42096620000666,0.2858529041653922,0.0,0.287024,0.0
5.4408845999860205,0.28532588411496296,0.0,0.285535,0.0
5.460923600010574,0.2847694307720827,0.0,0.285535,0.0
5.48262219998287,0.28418889293403826,0.0,0.285535,0.0
5.501002999983029,0.2835896193981171,0.0,0.285535,0.0
5.521352999989176,0.2829770467583269,0.0,0.283671,0.0
5.540659599995706,0.28235696279556033,0.0,0.283671,0.0
5.560568699991563,0.2817352430874307,0.0,0.283671,0.0
5.580675800010795,0.2811177632115517,0.0,0.282209,0.0
5.6011147999961395,0.2805103987455368,0.0,0.282209,0.0
5.621814699989045,0.2799184234478303,0.0,0.282209,0.0
5.640612899995176,0.27934470380020027,0.0,0.279989,0.0
5.660779400001047,0.2787915044652457,0.0,0.279989,0.0
5.681769099988742,0.2782610901055655,0.0,0.279989,0.0
5.701253799983533,0.2777557253837585,0.0,0.278515,0.0
5.721017400006531,0.2772771929048654,0.0,0.278515,0.0
5.740066600003047,0.27682534704369266,0.0,0.278515,0.0
5.761249300005147,0.2763995601174891,0.0,0.276823,0.0
5.780443299998296,0.27599920444350245,0.0,0.276823,0.0
5.800636500003748,0.27562365233898156,0.0,0.276823,0.0
5.8209031999867875,0.27527217975150997,0.0,0.275741,0.0
5.841162500000792,0.2749436771500134,0.0,0.275741,0.0
5.861134400009178,0.2746369386337525,0.0,0.275741,0.0
5.88121580000734,0.27435075830198863,0.0,0.274609,0.0
5.902105599991046,0.2740839302539825,0.0,0.274609,0.0
5.921403299988015,0.2738351979752639,0.0,0.274609,0.0
5.9406106999958865,0.2736031024964364,0.0,0.273746,0.0
5.960616600001231,0.2733861342343722,0.0,0.273746,0.0
5.981487499986542,0.2731827836059436,0.0,0.273746,0.0
6.000956400006544,0.2729915410280228,0.0,0.273137,0.0
6.021515400003409,0.2728112170805352,0.0,0.273137,0.0
6.041531199996825,0.2726419029956193,0.0,0.273137,0.0
6.061008399992716,0.2724840101684666,0.0,0.272497,0.0
6.081924400001299,0.2723379499942688,0.0,0.272497,0.0
6.101120200008154,0.2722041338682175,0.0,0.272497,0.0
6.121288399997866,0.272082930590756,0.0,0.272113,0.0
6.140099899988854,0.2719745385833347,0.0,0.272113,0.0
6.162051099992823,0.2718791136726558,0.0,0.272113,0.0
6.182037999999011,0.27179681168542147,0.0,0.271778,0.0
6.201023000001442,0.2717277884483337,0.0,0.271778,0.0
6.220542600000044,0.2716727050590806,0.0,0.271778,0.0
6.241512100008549,0.2716342436992934,0.0,0.271493,0.0
6.2605468000110704,0.27161559182158923,0.0,0.271493,0.0
6.280650200002128,0.2716199368785854,0.0,0.271493,0.0
6.300929499993799,0.2716504663228989,0.0,0.271385,0.0
6.322129699983634,0.2717095430638747,0.0,0.271385,0.0
6.34113499999512,0.2717962318377686,0.0,0.271385,0.0
6.361939900001744,0.2719087728375645,0.0,0.271376,0.0
6.381537899986142,0.2720454062562459,0.0,0.271376,0.0
6.401133400009712,0.2722043722867966,0.0,0.271376,0.0
6.421369099989533,0.27238368576430105,0.0,0.271584,0.0
6.441218399995705,0.2725804600922483,0.0,0.271584,0.0
6.461225500010187,0.2727915833162279,0.0,0.271584,0.0
6.481259799998952,0.2730139434818297,0.0,0.272227,0.0
6.5003913000109605,0.2732444286346435,0.0,0.272227,0.0
6.520260699995561,0.2734798343766245,0.0,0.272227,0.0
6.540305400005309,0.2737165865351891,0.0,0.272703,0.0
6.560702099988703,0.2739510184941195,0.0,0.272703,0.0
6.579711400001543,0.2741794636371976,0.0,0.272703,0.0
6.600912800000515,0.2743982553482056,0.0,0.273654,0.0
6.621550999989267,0.2746044334848391,0.0,0.273654,0.0
6.641336200002115,0.2747978638004501,0.0,0.273654,0.0
6.660372399986954,0.274979118522304,0.0,0.274383,0.0
6.68177779999678,0.27514876987766657,0.0,0.274383,0.0
6.701508199999807,0.2753073900938034,0.0,0.274383,0.0
6.720954399992479,0.2754557885222453,0.0,0.274897,0.0
6.741390999988653,0.2755957230115838,0.0,0.274897,0.0
6.760728099994594,0.27572918853467576,0.0,0.274897,0.0
6.781807799998205,0.275858180064378,0.0,0.275434,0.0
6.80149509999319,0.2759846925735474,0.0,0.275434,0.0
6.8210392000037245,0.2761104375669421,0.0,0.275434,0.0
6.841397199983476,0.2762359926769269,0.0,0.275782,0.0
6.8609628999838606,0.2763616520677678,0.0,0.275782,0.0
6.881951699993806,0.27648770990373106,0.0,0.275782,0.0
6.901060900010634,0.2766144603490829,0.0,0.275782,0.0
6.921706799999811,0.2767421053559519,0.0,0.276346,0.0
6.941703899996355,0.2768704780279163,0.0,0.276346,0.0
6.961846899997909,0.2769993192564172,0.0,0.276346,0.0
6.980673199985176,0.2771283699328953,0.0,0.276735,0.0
7.000847099989187,0.2772573709487915,0.0,0.276735,0.0
7.021241899987217,0.2773861052798422,0.0,0.276735,0.0
7.040946399996756,0.27751452423896517,0.0,0.277017,0.0
7.061789300001692,0.2776426212233742,0.0,0.277017,0.0
7.081274900003336,0.2777703896302823,0.0,0.277017,0.0
7.10082659998443,0.2778978228569031,0.0,0.277636,0.0
7.121467599994503,0.2780248407980101,0.0,0.277636,0.0
7.141234000009717,0.278151069338618,0.0,0.277636,0.0
7.160355200001504,0.2782760608613014,0.0,0.277942,0.0
7.181845099985367,0.27839936774863505,0.0,0.277942,0.0
7.201319399988279,0.278520542383194,0.0,0.277942,0.0
7.221056599984877,0.278639346992137,0.0,0.278402,0.0
7.242081500007771,0.2787563831809615,0.0,0.278402,0.0
7.260958500002744,0.278872462399749,0.0,0.278402,0.0
7.2820473999890964,0.2789883960985809,0.0,0.278734,0.0
7.301002299995162,0.279104995727539,0.0,0.278734,0.0
7.321338799985824,0.2792228163613102,0.0,0.278734,0.0
7.3408750999951735,0.2793413875730033,0.0,0.27906,0.0
7.360989100008737,0.2794599825603324,0.0,0.27906,0.0
7.382131699996535,0.2795778745210118,0.0,0.27906,0.0
7.400262999988627,0.27969433665275567,0.0,0.279419,0.0
7.420600399986142,0.27980881717955,0.0,0.279419,0.0
7.44063160000951,0.2799214644304675,0.0,0.279771,0.0
7.460690400010208,0.2800326017608529,0.0,0.279771,0.0
7.481595699995523,0.2801425525260507,0.0,0.279771,0.0
7.501791899994714,0.2802516400814056,0.0,0.279771,0.0
7.5218356999976095,0.2803601589008975,0.0,0.28013,0.0
7.541419899993343,0.2804682879330471,0.0,0.28013,0.0
7.561347599985311,0.2805761772450109,0.0,0.28013,0.0
7.580593199993018,0.28068397690394475,0.0,0.28057,0.0
7.601315100007923,0.280791836977005,0.0,0.28057,0.0
7.620624300005147,0.2808997934326804,0.0,0.28057,0.0
7.640736900008051,0.2810074258447902,0.0,0.280848,0.0
7.661179299990181,0.281114199688486,0.0,0.280848,0.0
7.680362399987644,0.2812195804389198,0.0,0.280848,0.0
7.701414699986344,0.28132303357124333,0.0,0.281062,0.0
7.721389099984663,0.2814239103331254,0.0,0.281062,0.0
7.740623899997445,0.2815211050623039,0.0,0.281062,0.0
7.7604159000038635,0.2816133978690335,0.0,0.281488,0.0
7.78055399999721,0.2816995688635693,0.0,0.281488,0.0
7.800630399986403,0.2817783981561661,0.0,0.281488,0.0
7.8216201000032015,0.28184911276880686,0.0,0.281734,0.0
7.8410069000092335,0.28191272737038797,0.0,0.281734,0.0
7.861627000005683,0.2819707035415336,0.0,0.281734,0.0
7.880855499999598,0.2820245028628682,0.0,0.281943,0.0
7.901553400006378,0.2820755869150162,0.0,0.281943,0.0
7.920585699990625,0.2821250377568004,0.0,0.281943,0.0
7.941254600009415,0.2821724193598384,0.0,0.282132,0.0
7.961264999990817,0.28221691617394595,0.0,0.282132,0.0
7.980215699994005,0.2822577126489394,0.0,0.282132,0.0
8.000254299986409,0.2822939932346344,0.0,0.282248,0.0
8.020935200009262,0.2823253364475597,0.0,0.282248,0.0
8.040796099987347,0.2823528970710949,0.0,0.282248,0.0
8.060897199989995,0.28237822395533196,0.0,0.282357,0.0
8.08180519999587,0.2824028659503632,0.0,0.282357,0.0
8.100897299998906,0.28242837190628045,0.0,0.282357,0.0
8.12123530000099,0.2824559317310138,0.0,0.282473,0.0
8.140414599998621,0.28248529956384305,0.0,0.282473,0.0
8.161224699986633,0.2825158706018862,0.0,0.282473,0.0
8.181168199982494,0.2825470400422608,0.0,0.282562,0.0
8.201302100002067,0.2825782030820846,0.0,0.282562,0.0
8.220826999982819,0.2826087987194495,0.0,0.282562,0.0
8.240889000007883,0.2826384411563435,0.0,0.28268,0.0
8.262077999999747,0.282666788395729,0.0,0.28268,0.0
8.282039399986388,0.2826934984405681,0.0,0.28268,0.0
8.301812599995174,0.2827182292938232,0.0,0.282774,0.0
8.321479000005638,0.2827407675028215,0.0,0.282774,0.0
8.340663100010715,0.2827614137923502,0.0,0.282774,0.0
8.361072500003502,0.28278059743156136,0.0,0.282847,0.0
8.381316199986031,0.28279874768960733,0.0,0.282847,0.0
8.400232499989215,0.2828162938356399,0.0,0.282847,0.0
8.420877800002927,0.2828335242736817,0.0,0.282902,0.0
8.440942799992627,0.2828501639472353,0.0,0.282902,0.0
8.461195000010775,0.2828657969346736,0.0,0.282902,0.0
8.481268200004706,0.28288000731436946,0.0,0.282956,0.0
8.500236699997913,0.2828923791646957,0.0,0.282956,0.0
8.520629200007534,0.2829026145026789,0.0,0.282956,0.0
8.54155150000588,0.28291088709996,0.0,0.283012,0.0
8.560694899992086,0.2829174886668337,0.0,0.283012,0.0
8.582189799984917,0.2829227109135945,0.0,0.283012,0.0
8.60177829998429,0.2829268455505371,0.0,0.283025,0.0
8.621871599985752,0.2829301025458867,0.0,0.283025,0.0
8.641769499983639,0.2829323648995905,0.0,0.283025,0.0
8.660837200004607,0.2829334338695264,0.0,0.283025,0.0
8.681096999993315,0.2829331107135722,0.0,0.283025,0.0
8.701766899990616,0.2829311966896057,0.0,0.283025,0.0
8.72124340001028,0.2829275609413302,0.0,0.283025,0.0
8.740708400000585,0.28292234415575046,0.0,0.283025,0.0
8.761661399999866,0.282915754905697,0.0,0.283025,0.0
8.78063709998969,0.2829080017639999,0.0,0.283025,0.0
8.801762599992799,0.28289929330348973,0.0,0.283025,0.0
8.821405399998184,0.2828898230565828,0.0,0.283025,0.0
8.840100100002019,0.28287972439404097,0.0,0.283039,0.0
8.862053599994397,0.2828691156462124,0.0,0.283039,0.0
8.882212199998321,0.28285811514344517,0.0,0.283039,0.0
8.902017799991881,0.2828468412160873,0.0,0.28302,0.0
8.921240299998317,0.2828353848007835,0.0,0.28302,0.0
8.94136540000909,0.2828237272593651,0.0,0.28302,0.0
8.961267999984557,0.2828118225599598,0.0,0.282997,0.0
8.98133459998644,0.2827996246706955,0.0,0.282997,0.0
9.000514199986355,0.2827870875597,0.0,0.282997,0.0
9.02107660000911,0.28277427633967867,0.0,0.282938,0.0
9.042278000008082,0.2827617007016468,0.0,0.282938,0.0
9.061031799996272,0.2827499814811969,0.0,0.282938,0.0
9.081870099995285,0.2827397395139218,0.0,0.282915,0.0
9.10182429998531,0.28273159563541406,0.0,0.282915,0.0
9.121872199990321,0.2827261024222505,0.0,0.282915,0.0
9.141626099997666,0.28272353941494366,0.0,0.282873,0.0
9.160798099997919,0.2827241178949903,0.0,0.282873,0.0
9.181812199996784,0.282728049143887,0.0,0.282873,0.0
9.201567399984924,0.2827355444431305,0.0,0.282846,0.0
9.221094999986235,0.2827466992080593,0.0,0.282846,0.0
9.242074100009631,0.28276114538937946,0.0,0.282846,0.0
9.261078399984399,0.2827783990716391,0.0,0.282826,0.0
9.282016199984355,0.28279797633938597,0.0,0.282826,0.0
9.30097109999042,0.2828193932771683,0.0,0.282826,0.0
9.321363099996233,0.28284223432667366,0.0,0.28281,0.0
9.340360900008818,0.28286635735815036,0.0,0.28281,0.0
9.361443800007692,0.28289168859898606,0.0,0.28281,0.0
9.38050159998238,0.2829181542765687,0.0,0.28281,0.0
9.401440099987667,0.28294568061828607,0.0,0.28281,0.0
9.420762800000375,0.2829741649159478,0.0,0.28281,0.0
9.440761500009103,0.2830033887190496,0.0,0.282831,0.0
9.461007899983088,0.2830331046415091,0.0,0.282831,0.0
9.481533699989086,0.2830630652972437,0.0,0.282831,0.0
9.501432999997633,0.2830930233001709,0.0,0.282864,0.0
9.521172699984163,0.28312277912621897,0.0,0.282864,0.0
9.542156599985901,0.2831523246993592,0.0,0.282864,0.0
9.560959499998717,0.2831816998055738,0.0,0.282959,0.0
9.58110789998318,0.2832109442308447,0.0,0.282959,0.0
9.60108299998683,0.2832400977611542,0.0,0.282959,0.0
9.621668899984797,0.283269154375914,0.0,0.283023,0.0
9.641340000001946,0.2832979248282552,0.0,0.283023,0.0
9.661328099988168,0.2833261740647388,0.0,0.283023,0.0
9.680686400010018,0.2833536670319255,0.0,0.283119,0.0
9.700673999992432,0.2833801686763763,0.0,0.283119,0.0
9.721138799999608,0.283405538539345,0.0,0.283119,0.0
9.741167200001655,0.2834300145408576,0.0,0.283206,0.0
9.761369299987564,0.28345392919563317,0.0,0.283206,0.0
9.781534300011117,0.28347761501839075,0.0,0.283206,0.0
9.801409300009254,0.28350140452384953,0.0,0.283304,0.0
9.821374599996489,0.2835256018766333,0.0,0.283304,0.0
9.841338199999882,0.2835503978409863,0.0,0.283304,0.0
9.860531099984655,0.2835759548310577,0.0,0.283421,0.0
9.881203099997947,0.2836024352609967,0.0,0.283421,0.0
9.900239299982786,0.2836300015449524,0.0,0.283421,0.0
9.920918699994218,0.28365879139137007,0.0,0.283537,0.0
9.941053699993063,0.2836888436858801,0.0,0.283537,0.0
9.961873099993682,0.28372017260840876,0.0,0.283537,0.0
9.981108699983452,0.2837527923388826,0.0,0.283633,0.0
10.002147499995772,0.2837867170572281,0.0,0.283633,0.0
10.021575699996902,0.28382193362104235,0.0,0.283633,0.0
10.040613999997731,0.2838583195986063,0.0,0.283749,0.0
10.061727399996016,0.2838957252358715,0.0,0.283749,0.0
10.081644599995343,0.2839340007787897,0.0,0.283749,0.0
10.100784699985525,0.2839729964733123,0.0,0.283832,0.0
10.121026899985736,0.2840126703343679,0.0,0.283832,0.0
10.140931600006297,0.2840534114527909,0.0,0.283832,0.0
10.161503699986497,0.28409571668839273,0.0,0.283936,0.0
10.1806421999936,0.2841400829009848,0.0,0.283936,0.0
10.201534099993296,0.28418700695037835,0.0,0.283936,0.0
10.22123530000681,0.28423682393766525,0.0,0.284062,0.0
10.241036199993687,0.2842892219290591,0.0,0.284062,0.0
10.26201469998341,0.284343727232054,0.0,0.284062,0.0
10.28116690000752,0.2843998661541438,0.0,0.284234,0.0
10.302196500007994,0.2844571650028229,0.0,0.284234,0.0
10.32131689999369,0.28451518831484257,0.0,0.284234,0.0
10.340313900000183,0.2845736535439852,0.0,0.284508,0.0
10.360551199992187,0.28463231637329,0.0,0.284508,0.0
10.381125199986855,0.2846909324857966,0.0,0.284508,0.0
10.401753499987535,0.2847492575645447,0.0,0.284681,0.0
10.421327899995958,0.28480708951286393,0.0,0.284681,0.0
10.440306400007103,0.2848643951152454,0.0,0.284681,0.0
10.460342500009574,0.2849211833764705,0.0,0.28491,0.0
10.480426099995384,0.28497746330132057,0.0,0.28491,0.0
10.500943099992583,0.28503324389457696,0.0,0.28491,0.0
10.521559499989962,0.2850885467533229,0.0,0.285061,0.0
10.540485899982741,0.28514344384384893,0.0,0.285061,0.0
10.561562899994897,0.28519801972474756,0.0,0.285061,0.0
10.580568300007144,0.2852523589546116,0.0,0.28522,0.0
10.60157599998638,0.28530654609203343,0.0,0.28522,0.0
10.62060249998467,0.2853605338862514,0.0,0.28522,0.0
10.641326599987224,0.28541374784908813,0.0,0.285474,0.0
10.660476699995343,0.2854654816830119,0.0,0.285474,0.0
10.681341599993175,0.2855150290904912,0.0,0.285474,0.0
10.70073969999794,0.2855616837739944,0.0,0.285474,0.0
10.721723900001962,0.2856049534352759,0.0,0.285735,0.0
10.740755899983924,0.2856452017732339,0.0,0.285735,0.0
10.760806999984197,0.2856830064860527,0.0,0.285735,0.0
10.781864899996435,0.28571894527191666,0.0,0.285843,0.0
10.80132239998784,0.28575359582901,0.0,0.285843,0.0
10.820716099988203,0.28578716357354983,0.0,0.285843,0.0
10.841783899988513,0.28581836479388467,0.0,0.285941,0.0
10.861681299982592,0.2858455434963961,0.0,0.285941,0.0
10.880962700000964,0.2858670436874654,0.0,0.285941,0.0
10.901793299999554,0.28588120937347405,0.0,0.285993,0.0
10.921334399987245,0.28588642658849506,0.0,0.285993,0.0
10.941061699995771,0.2858812494773671,0.0,0.285993,0.0
10.961772100010421,0.2858642742126204,0.0,0.286047,0.0
10.981674399983604,0.2858340969667852,0.0,0.286047,0.0
11.001134499994805,0.2857893139123917,0.0,0.286047,0.0
11.021709599997848,0.285727935989256,0.0,0.286024,0.0
11.040746199985733,0.2856456332063377,0.0,0.286024,0.0
11.061170800006948,0.2855374903398822,0.0,0.286024,0.0
11.081202100001974,0.28539859216613517,0.0,0.285945,0.0
11.101330200006487,0.2852240234613419,0.0,0.285945,0.0
11.120376899983967,0.2850089961500758,0.0,0.285945,0.0
11.140750899998238,0.2847492307502226,0.0,0.285414,0.0
11.160881099989638,0.28444057492799557,0.0,0.285414,0.0
11.181589799991343,0.2840788763496084,0.0,0.285414,0.0
11.201533599989489,0.2836599826812744,0.0,0.284726,0.0
11.220465599995805,0.2831821541346381,0.0,0.284726,0.0
11.241366400005063,0.2826533011030671,0.0,0.284726,0.0
11.260406499990495,0.28208374652536006,0.0,0.283353,0.0
11.281263199984096,0.2814838133403157,0.0,0.283353,0.0
11.300595599983353,0.2808638244867325,0.0,0.283353,0.0
11.321485499996925,0.2802334869264689,0.0,0.28146,0.0
11.341250299999956,0.2796000437136229,0.0,0.28146,0.0
11.360421299992595,0.2789701219253521,0.0,0.28146,0.0
11.38057549999212,0.27835034863881436,0.0,0.279532,0.0
11.401342099998146,0.2777473509311676,0.0,0.279532,0.0
11.421243899996625,0.27716654231212756,0.0,0.279532,0.0
11.440449599991553,0.2766084820216438,0.0,0.2777,0.0
11.460619899997255,0.27607251573222336,0.0,0.2777,0.0
11.480538900010288,0.2755579891163741,0.0,0.2777,0.0
11.500723600009223,0.2750642478466034,0.0,0.27622,0.0
11.52078910000273,0.2745908967272423,0.0,0.27622,0.0
11.541239499987569,0.27413857708991596,0.0,0.274669,0.0
11.561376400000881,0.2737081893980736,0.0,0.274669,0.0
11.580549100006465,0.2733006341151638,0.0,0.274669,0.0
11.600443100003758,0.27291681170463566,0.0,0.274669,0.0
11.620730399998138,0.2725572384327501,0.0,0.273376,0.0
11.641405800008215,0.2722208937770174,0.0,0.273376,0.0
11.660546500002965,0.27190637301775966,0.0,0.273376,0.0
11.681349599995883,0.2716122714352996,0.0,0.272181,0.0
11.701132599991979,0.2713371843099594,0.0,0.272181,0.0
11.721200200001476,0.2710799126490572,0.0,0.272181,0.0
11.741618600004585,0.2708400803678944,0.0,0.271173,0.0
11.760909200005699,0.2706175171087683,0.0,0.271173,0.0
11.78162059999886,0.270412052513976,0.0,0.271173,0.0
11.800805100006983,0.27022351622581475,0.0,0.270602,0.0
11.821089800010668,0.2700516572804922,0.0,0.270602,0.0
11.842219299986027,0.269895902289857,0.0,0.270602,0.0
11.861126000003424,0.26975559725966847,0.0,0.269996,0.0
11.882252699986566,0.2696300881956858,0.0,0.269996,0.0
11.900167199986754,0.2695187211036682,0.0,0.269996,0.0
11.921097099984763,0.2694209648856208,0.0,0.269503,0.0
11.941883299994515,0.2693367800285323,0.0,0.269503,0.0
11.961473800009117,0.2692662499156375,0.0,0.269503,0.0
11.98128869998618,0.2692094579301711,0.0,0.269201,0.0
12.00029050000012,0.269166487455368,0.0,0.269201,0.0
12.021274300001096,0.2691372981899566,0.0,0.269201,0.0
12.04068519998691,0.2691213550946406,0.0,0.269082,0.0
12.060736599989468,0.2691179994456175,0.0,0.269082,0.0
12.08121000000392,0.2691265725190848,0.0,0.269005,0.0
12.101036000007298,0.26914641559123986,0.0,0.269005,0.0
12.121043299994199,0.2691765510814357,0.0,0.269005,0.0
12.141982700006338,0.26921472598164575,0.0,0.269005,0.0
12.160790900001302,0.2692583684269992,0.0,0.269005,0.0
12.182032299984712,0.26930490655262507,0.0,0.269005,0.0
12.200571599998511,0.2693517684936523,0.0,0.269005,0.0
12.22177209999063,0.2693968776522618,0.0,0.269036,0.0
12.240526499983389,0.2694401384988415,0.0,0.269036,0.0
12.261018299992429,0.2694819507708316,0.0,0.269036,0.0
12.281953900004737,0.2695227142056717,0.0,0.269127,0.0
12.301089099986712,0.269562828540802,0.0,0.269127,0.0
12.322048300004099,0.2696025216568377,0.0,0.269127,0.0
12.341720900003565,0.2696413340070959,0.0,0.269213,0.0
12.361030500003835,0.26967863418806926,0.0,0.269213,0.0
12.380964299984043,0.2697137907962502,0.0,0.269213,0.0
12.401065099984407,0.2697461724281311,0.0,0.269355,0.0
12.422308000008343,0.2697754451022538,0.0,0.269355,0.0
12.440552699990803,0.2698024645253564,0.0,0.269355,0.0
12.461501999991015,0.2698283838262261,0.0,0.26945,0.0
12.481448999984423,0.26985435613365016,0.0,0.26945,0.0
12.50086120000924,0.269881534576416,0.0,0.26945,0.0
12.521223399991868,0.2699108761615717,0.0,0.269602,0.0
12.540549700002884,0.26994255340920925,0.0,0.269602,0.0
12.56139630000689,0.2699765427176817,0.0,0.269602,0.0
12.581455100007588,0.2700128204853417,0.0,0.269602,0.0
12.601304999989225,0.2700513631105423,0.0,0.269762,0.0
12.620424699998694,0.2700919960484258,0.0,0.269762,0.0
12.640657599986298,0.2701339409812925,0.0,0.269762,0.0
12.660875500005204,0.2701762686482317,0.0,0.269898,0.0
12.681717300001765,0.27021804978833297,0.0,0.269898,0.0
12.701659199985443,0.27025835514068597,0.0,0.269898,0.0
12.721356099995319,0.2702965595475263,0.0,0.270079,0.0
12.740371599997161,0.2703332542636737,0.0,0.270079,0.0
12.761258499987889,0.2703693346470943,0.0,0.270134,0.0
12.780674599984195,0.2704056960557537,0.0,0.270134,0.0
12.801253199984785,0.2704432338476181,0.0,0.270237,0.0
12.82072170000174,0.2704827219296436,0.0,0.270237,0.0
12.841162700002315,0.2705244484047473,0.0,0.270237,0.0
12.86175209999783,0.27056857992483685,0.0,0.270336,0.0
12.881565599993337,0.2706152831418198,0.0,0.270336,0.0
12.900697700009914,0.2706647247076034,0.0,0.270336,0.0
12.920684499986237,0.2707169318251622,0.0,0.27052,0.0
12.941242500004591,0.2707713739017378,0.0,0.27052,0.0
12.960626599990064,0.2708273808956387,0.0,0.27052,0.0
12.981458800000837,0.2708842827651735,0.0,0.270714,0.0
13.000998200004688,0.27094140946865075,0.0,0.270714,0.0
13.020665099989856,0.27099833116330796,0.0,0.270714,0.0
13.04147679999005,0.27105557880209863,0.0,0.270924,0.0
13.061438999982784,0.2711139235369045,0.0,0.270924,0.0
13.081020499987062,0.2711741365196083,0.0,0.270924,0.0
13.100935700000264,0.271236988902092,0.0,0.271158,0.0
13.120041799993487,0.2713030687359915,0.0,0.271158,0.0
13.141872799984412,0.27137223167195723,0.0,0.271158,0.0
13.1610102999839,0.271444150260393,0.0,0.271302,0.0
13.182119899982354,0.2715184970517028,0.0,0.271302,0.0
13.200500500010094,0.2715949445962906,0.0,0.271302,0.0
13.220667399989907,0.271673148026904,0.0,0.271546,0.0
13.24133280001115,0.2717526928056659,0.0,0.271546,0.0
13.26020679998328,0.2718331469770426,0.0,0.271546,0.0
13.280785999988439,0.27191407858550065,0.0,0.271793,0.0
13.300791599991499,0.2719950556755066,0.0,0.271793,0.0
13.321840999997221,0.272076013860944,0.0,0.271793,0.0
13.34116769998218,0.27215835903336527,0.0,0.271793,0.0
13.361097399989376,0.2722438646537402,0.0,0.272171,0.0
13.381119600002421,0.2723343041830384,0.0,0.272171,0.0
13.400215400004527,0.2724314510822296,0.0,0.272171,0.0
13.420203499990748,0.2725367280421527,0.0,0.272428,0.0
13.44090290000895,0.2726501546731242,0.0,0.272428,0.0
13.460882999992464,0.27277139981532983,0.0,0.272428,0.0
13.482131099997787,0.27290013230895527,0.0,0.272701,0.0
13.50091830000747,0.2730360209941864,0.0,0.272701,0.0
13.52094990000478,0.27317891763747537,0.0,0.272701,0.0
13.541550599999027,0.2733294057103408,0.0,0.273219,0.0
13.561133000010159,0.27348825161056756,0.0,0.273219,0.0
13.58136869998998,0.2736562217359408,0.0,0.273219,0.0
13.600407299993094,0.2738340824842453,0.0,0.27354,0.0
13.620542499993462,0.2740220596970919,0.0,0.27354,0.0
13.641262099990854,0.2742182169913946,0.0,0.27354,0.0
13.66017779998947,0.2744200774278931,0.0,0.274093,0.0
13.682295000005979,0.27462516406732695,0.0,0.274093,0.0
13.70056540000951,0.2748309999704361,0.0,0.274093,0.0
13.721333800000139,0.2750354699455404,0.0,0.274796,0.0
13.74087020001025,0.2752379057912818,0.0,0.274796,0.0
13.760961499996483,0.2754380010538823,0.0,0.274796,0.0
13.781846900004894,0.27563544927956407,0.0,0.275333,0.0
13.801116699993145,0.2758299440145492,0.0,0.275333,0.0
13.821590400009882,0.2760211211410541,0.0,0.275333,0.0
13.841587400005665,0.27620838588527186,0.0,0.275815,0.0
13.860589099989738,0.27639108580938976,0.0,0.275815,0.0
13.881501099996967,0.2765685684755952,0.0,0.275815,0.0
13.900595399987651,0.2767401814460754,0.0,0.27651,0.0
13.921187900006771,0.2769054534005899,0.0,0.27651,0.0
13.940480599994771,0.2770646374891867,0.0,0.27651,0.0
13.961421399988467,0.2772181679794859,0.0,0.27709,0.0
13.981581600004574,0.2773664791391076,0.0,0.27709,0.0
14.001195199991344,0.277510005235672,0.0,0.27709,0.0
14.021167600003537,0.277648990329256,0.0,0.277611,0.0
14.041418200009502,0.27778291764976426,0.0,0.277611,0.0
14.060497700003907,0.2779110802195583,0.0,0.277611,0.0
14.080617200001143,0.2780327710609995,0.0,0.277988,0.0
14.101179899997078,0.2781472831964493,0.0,0.277988,0.0
14.121310499991523,0.2782543949471121,0.0,0.277988,0.0
14.140959899988957,0.27835582582956453,0.0,0.277988,0.0
14.161860099993646,0.27845378065922566,0.0,0.278412,0.0
14.180984899983741,0.2785504642515151,0.0,0.278412,0.0
14.200920000002952,0.2786480814218521,0.0,0.278412,0.0
14.221739100001287,0.2787486369106843,0.0,0.278683,0.0
14.241699999984121,0.2788533351585722,0.0,0.278683,0.0
14.261344600003213,0.2789631805311046,0.0,0.278683,0.0
14.28077559999656,0.27907917739387,0.0,0.279045,0.0
14.30091329998686,0.2792023301124573,0.0,0.279045,0.0
14.320848900009878,0.2793331945179996,0.0,0.279045,0.0
14.341039299994009,0.2794705323038086,0.0,0.27935,0.0
14.360934900003485,0.27961265662874013,0.0,0.27935,0.0
14.381993199989665,0.2797578806516502,0.0,0.27977,0.0
14.401309799985029,0.2799045175313949,0.0,0.27977,0.0
14.420636900002137,0.2800511185675796,0.0,0.27977,0.0
14.44106839998858,0.280197187622806,0.0,0.280155,0.0
14.461271400010446,0.2803424667004255,0.0,0.280155,0.0
14.48026569999638,0.28048669780378943,0.0,0.280155,0.0
14.500208999990718,0.2806296229362488,0.0,0.280155,0.0
14.522092400002293,0.2807710814834793,0.0,0.280716,0.0
14.541962099989178,0.2809113023604545,0.0,0.280716,0.0
14.560961000010138,0.281050611864472,0.0,0.280716,0.0
14.581033399997978,0.2811893362928297,0.0,0.281109,0.0
14.601944699999876,0.28132780194282525,0.0,0.281109,0.0
14.620965399983106,0.2814663173164352,0.0,0.281109,0.0
14.641552499990212,0.2816051197343491,0.0,0.281567,0.0
14.661533799982863,0.2817444287219354,0.0,0.281567,0.0
14.681941399991047,0.28188446380456256,0.0,0.281567,0.0
14.70061979998718,0.2820254445075989,0.0,0.28199,0.0
14.720861000008881,0.2821674381511554,0.0,0.28199,0.0
14.741214100009529,0.2823099032343146,0.0,0.28199,0.0
14.760292899998603,0.28245214605090185,0.0,0.28199,0.0
14.781353600003058,0.28259347289474246,0.0,0.282583,0.0
14.800445100001525,0.2827331900596619,0.0,0.282583,0.0
14.820981500000926,0.2828707917656499,0.0,0.282583,0.0
14.84196749998955,0.28300652393735537,0.0,0.28296,0.0
14.861954599997262,0.2831408204255921,0.0,0.28296,0.0
14.880795800010674,0.2832741150811736,0.0,0.28296,0.0
14.901023599988548,0.28340684175491326,0.0,0.283379,0.0
14.921620499982964,0.2835393659948175,0.0,0.283379,0.0
14.940671499993186,0.2836717801376626,0.0,0.283379,0.0
14.960802099987632,0.2838041082174174,0.0,0.283814,0.0
14.981947099993704,0.28393637426805085,0.0,0.283814,0.0
15.001095899991924,0.2840686023235321,0.0,0.283814,0.0
15.021099200006574,0.2842009450950763,0.0,0.284213,0.0
15.041728599986527,0.2843340700028848,0.0,0.284213,0.0
15.06062460000976,0.284468773144405,0.0,0.284213,0.0
15.080577599990647,0.28460585061708465,0.0,0.284598,0.0
15.100512999983039,0.2847460985183716,0.0,0.284598,0.0
15.120775599993067,0.2848899850335685,0.0,0.284598,0.0
15.141206100001,0.2850366666994006,0.0,0.284938,0.0
15.161203399999067,0.2851849721404482,0.0,0.284938,0.0
15.180330500006676,0.2853337299812918,0.0,0.284938,0.0
15.200707599986345,0.2854817688465118,0.0,0.285486,0.0
15.220666999986861,0.2856283927056775,0.0,0.285486,0.0
15.241531100007705,0.2857748069083139,0.0,0.285486,0.0
15.261047999985749,0.2859226921489349,0.0,0.285827,0.0
15.28203209998901,0.2860737291220544,0.0,0.285827,0.0
15.301334899995709,0.2862295985221863,0.0,0.285827,0.0
15.320577899983618,0.28639139677471803,0.0,0.286372,0.0
15.34127050000825,0.2865578832285314,0.0,0.286372,0.0
15.361355000000913,0.28672723296338176,0.0,0.286372,0.0
15.381300000008196,0.2868976210590245,0.0,0.286915,0.0
15.400358399987454,0.2870672225952148,0.0,0.286915,0.0
15.420793600002071,0.2872343515705724,0.0,0.286915,0.0
15.44136170001002,0.28739787765917346,0.0,0.287297,0.0
15.461254499998176,0.2875568094539588,0.0,0.287297,0.0
15.480410199990729,0.2877101555478687,0.0,0.287297,0.0
15.501335000008112,0.287856924533844,0.0,0.287918,0.0
15.521074099990074,0.2879963935667945,0.0,0.287918,0.0
15.54102299999795,0.2881289140495083,0.0,0.287918,0.0
15.562057300005108,0.28825510594674275,0.0,0.288244,0.0
15.58122110000113,0.2883755892232553,0.0,0.288244,0.0
15.600103800010402,0.2884909838438034,0.0,0.288244,0.0
15.621544900001027,0.2886017959544705,0.0,0.288728,0.0
15.640954400005285,0.28870807642664476,0.0,0.288728,0.0
15.661323699983768,0.2888097623130404,0.0,0.288728,0.0
15.680311800009804,0.2889067906663715,0.0,0.289015,0.0
15.700534900010098,0.28899909853935235,0.0,0.289015,0.0
15.720337799983099,0.2890866156246999,0.0,0.289015,0.0
15.740489499992691,0.28916924217514106,0.0,0.289255,0.0
15.761418799986131,0.2892468710834061,0.0,0.289255,0.0
15.780817799997749,0.2893193952422247,0.0,0.289255,0.0
15.801892999996198,0.2893867075443268,0.0,0.28959,0.0
15.82191870000679,0.2894487913313903,0.0,0.28959,0.0
15.841826899995795,0.2895059917408861,0.0,0.28959,0.0
15.86111999998684,0.2895587443592327,0.0,0.289795,0.0
15.881812899984652,0.2896074847728488,0.0,0.289795,0.0
15.900866199983284,0.2896526485681534,0.0,0.289795,0.0
15.920819399994798,0.28969465413885,0.0,0.289917,0.0
15.941380100004608,0.2897338511077821,0.0,0.289917,0.0
15.961501399986446,0.28977057190507827,0.0,0.289917,0.0
15.981470400001854,0.2898051489608669,0.0,0.290009,0.0
16.00091179998708,0.2898379147052765,0.0,0.290009,0.0
16.020949700003257,0.2898690914370546,0.0,0.290009,0.0
16.040972899994813,0.2898984609294258,0.0,0.290076,0.0
16.061871299985796,0.2899256948242337,0.0,0.290076,0.0
16.08095269999467,0.2899504647633221,0.0,0.290076,0.0
16.10118239998701,0.2899724423885345,0.0,0.290154,0.0
16.120140499988338,0.2899915551194166,0.0,0.290154,0.0
16.14159079999081,0.2900087534863204,0.0,0.290154,0.0
16.16095889999997,0.2900252437973002,0.0,0.290202,0.0
16.18084159999853,0.2900422323604099,0.0,0.290202,0.0
16.202133699989645,0.2900609254837036,0.0,0.290202,0.0
16.221068099985132,0.2900822700011346,0.0,0.29023,0.0
16.24116989999311,0.2901061748502529,0.0,0.29023,0.0
16.262007099983748,0.29013228949450776,0.0,0.29023,0.0
16.281194100010907,0.29016026339734846,0.0,0.290268,0.0
16.301748400001088,0.29018974602222436,0.0,0.290268,0.0
16.320790300000226,0.29022032578398116,0.0,0.290268,0.0
16.34145089998492,0.2902513469030505,0.0,0.290343,0.0
16.360651199996937,0.29028209255126025,0.0,0.290343,0.0
16.38042139998288,0.29031184590043857,0.0,0.290343,0.0
16.401597699994454,0.29033989012241357,0.0,0.290416,0.0
16.420647999999346,0.2903656947223995,0.0,0.290416,0.0
16.441678800008958,0.290389474539155,0.0,0.290416,0.0
16.461365600000136,0.2904116307448253,0.0,0.290488,0.0
16.480483399995137,0.2904325645115552,0.0,0.290488,0.0
16.50089999998454,0.2904526770114899,0.0,0.290536,0.0
16.521889299998293,0.290472352465436,0.0,0.290536,0.0
16.541612500004703,0.29049190728884766,0.0,0.290536,0.0
16.56156380000175,0.2905116409458409,0.0,0.290536,0.0
16.58075279998593,0.2905318529005313,0.0,0.29059,0.0
16.600743699993473,0.2905528426170349,0.0,0.29059,0.0
16.62106629999471,0.290574782329156,0.0,0.29059,0.0
16.64055240000016,0.29059733534945276,0.0,0.290634,0.0
16.660639399982756,0.29062003776017176,0.0,0.290634,0.0
16.681603899982292,0.2906424256435598,0.0,0.290634,0.0
16.70063669999945,0.2906640350818634,0.0,0.290713,0.0
16.720641799998702,0.29068449053182077,0.0,0.290713,0.0
16.74157980000018,0.2907037699481373,0.0,0.290713,0.0
16.760971199983032,0.2907219396600095,0.0,0.290823,0.0
16.781633400009014,0.2907390659966343,0.0,0.290823,0.0
16.800650699995458,0.2907552152872085,0.0,0.290823,0.0
16.82149760000175,0.2907702135265775,0.0,0.290876,0.0
16.841724500001874,0.2907829253721811,0.0,0.290876,0.0
16.861186800000723,0.2907919751471076,0.0,0.290876,0.0
16.882041800010484,0.2907959871744453,0.0,0.290918,0.0
16.901022799982456,0.2907935857772827,0.0,0.290918,0.0
16.920004499988863,0.29078372154782006,0.0,0.290918,0.0
16.94057609999436,0.29076665015470615,0.0,0.290923,0.0
16.960535299993353,0.29074295353570156,0.0,0.290923,0.0
16.981304399989313,0.29071321362856706,0.0,0.29093,0.0
17.00184429998626,0.29067801237106317,0.0,0.29093,0.0
17.021404600003734,0.29063789382767413,0.0,0.29093,0.0
17.041179299994837,0.29059325056977736,0.0,0.29093,0.0
17.06136520000291,0.29054443729547397,0.0,0.290908,0.0
17.08021029998781,0.29049180870286495,0.0,0.290908,0.0
17.100509599986253,0.2904357194900513,0.0,0.290908,0.0
17.12103229999775,0.2903767836201516,0.0,0.290786,0.0
17.14173820000724,0.29031665211635516,0.0,0.290786,0.0
17.16041209999821,0.29025723526686886,0.0,0.290786,0.0
17.181419500004267,0.2902004433598998,0.0,0.290611,0.0
17.201485800003866,0.29014818668365483,0.0,0.290611,0.0
17.22084530000575,0.29010143618261,0.0,0.290611,0.0
17.240374099987093,0.2900574054263193,0.0,0.290454,0.0
17.261049599997932,0.2900123686406055,0.0,0.290454,0.0
17.28147779998835,0.2899626000512918,0.0,0.290454,0.0
17.30073660000926,0.289904373884201,0.0,0.290282,0.0
17.321550099994056,0.2898342537186144,0.0,0.290282,0.0
17.34072410000954,0.28974996054764557,0.0,0.290282,0.0
17.36094859999139,0.2896495047178662,0.0,0.290055,0.0
17.381856199994218,0.28953089657584785,0.0,0.290055,0.0
17.40136389998952,0.28939214646816247,0.0,0.290055,0.0
17.421332800004166,0.28923076605261233,0.0,0.289738,0.0
17.440181699988898,0.2890422722319219,0.0,0.289738,0.0
17.4609775999852,0.2888216832200464,0.0,0.289531,0.0
17.481886900000973,0.28856401723094116,0.0,0.289531,0.0
17.500951399997575,0.2882642924785614,0.0,0.288978,0.0
17.52134509998723,0.287918457479681,0.0,0.288978,0.0
17.540325299982214,0.2875261819623499,0.0,0.288978,0.0
17.560598999989452,0.2870880659574365,0.0,0.287989,0.0
17.58087350000278,0.2866047094958094,0.0,0.287989,0.0
17.60189590000664,0.2860767126083374,0.0,0.287989,0.0
17.62109599998803,0.2855057471988295,0.0,0.286836,0.0
17.64104389998829,0.28489777266285743,0.0,0.286836,0.0
17.661181700008456,0.28425982026893315,0.0,0.286836,0.0
17.68129229999613,0.2835989212855692,0.0,0.284994,0.0
17.700755500001833,0.2829221069812775,0.0,0.284994,0.0
17.72093949999544,0.28223652079653405,0.0,0.283004,0.0
17.740873400005512,0.2815497548596701,0.0,0.283004,0.0
17.761245600006077,0.2808695134709809,0.0,0.283004,0.0
17.780771399993682,0.2802035009307614,0.0,0.283004,0.0
17.801123499986716,0.2795594215393066,0.0,0.280411,0.0
17.821686599985696,0.2789436507246534,0.0,0.280411,0.0
17.841809200006537,0.2783572484258055,0.0,0.280411,0.0
17.86126720000175,0.2777999457095086,0.0,0.27874,0.0
17.881214699998964,0.2772714736425081,0.0,0.27874,0.0
17.90122919998248,0.2767715632915497,0.0,0.27874,0.0
17.921187300002202,0.27629991622947403,0.0,0.276949,0.0
17.941279799997574,0.275856116053502,0.0,0.276949,0.0
17.960438200010685,0.2754397168669494,0.0,0.276949,0.0
17.98063259999617,0.2750502727731321,0.0,0.275559,0.0
18.002062699990347,0.2746873378753662,0.0,0.275559,0.0
18.021284499991452,0.2743502699439983,0.0,0.275559,0.0
18.04051689998596,0.2740376414174986,0.0,0.274466,0.0
18.060625399986748,0.2737478284013683,0.0,0.274466,0.0
18.08146419998957,0.2734792070011083,0.0,0.274466,0.0
18.101891300000716,0.2732301533222198,0.0,0.27359,0.0
18.12059499998577,0.2729993096948349,0.0,0.27359,0.0
18.141191100003198,0.2727863833476095,0.0,0.27359,0.0
18.1605358000088,0.2725913477338306,0.0,0.272881,0.0
18.18162299998221,0.2724141763067851,0.0,0.272881,0.0
18.201676500000758,0.27225484251976007,0.0,0.272881,0.0
18.220771199994488,0.2721130954674885,0.0,0.272224,0.0
18.241346700000577,0.27198778681048685,0.0,0.272224,0.0
18.26054990000557,0.2718775438507179,0.0,0.272224,0.0
18.281255699985195,0.2717809938901441,0.0,0.271779,0.0
18.300591799983522,0.2716967642307281,0.0,0.271779,0.0
18.321704600006342,0.2716235726506804,0.0,0.271779,0.0
18.341916300007142,0.27156049883320277,0.0,0.27155,0.0
18.361776300007477,0.2715067129377453,0.0,0.27155,0.0
18.380805799999507,0.2714613851237577,0.0,0.27155,0.0
18.401625900005456,0.2714236855506897,0.0,0.271338,0.0
18.42069120000815,0.2713927095356401,0.0,0.271338,0.0
18.440650600008667,0.2713672530263031,0.0,0.271338,0.0
18.46141250000801,0.2713460371280218,0.0,0.27125,0.0
18.479985899990425,0.2713277829461393,0.0,0.27125,0.0
18.501386599993566,0.27131121158599847,0.0,0.27125,0.0
18.521279200009303,0.2712951353865305,0.0,0.271189,0.0
18.541434799990384,0.27127873162101745,0.0,0.271189,0.0
18.560522299987497,0.2712612687963297,0.0,0.271189,0.0
18.580654499994125,0.2712420154193372,0.0,0.27114,0.0
18.601737299992237,0.2712202399969101,0.0,0.27114,0.0
18.6207097999868,0.2711955132948781,0.0,0.27114,0.0
18.641114700003527,0.271168615114909,0.0,0.271052,0.0
18.661121999990428,0.27114062751763013,0.0,0.271052,0.0
18.68195790000027,0.2711126325636687,0.0,0.271052,0.0
18.70204860001104,0.27108571231365197,0.0,0.271052,0.0
18.720934799988754,0.27106093578069,0.0,0.270945,0.0
18.741292499995325,0.2710393197878231,0.0,0.270945,0.0
18.761232699995162,0.2710218681105744,0.0,0.270945,0.0
18.780392299988307,0.27100958452446666,0.0,0.270879,0.0
18.80071019998286,0.2710034728050232,0.0,0.270879,0.0
18.821461199986516,0.2710042885662254,0.0,0.270879,0.0
18.840294199995697,0.27101179477588966,0.0,0.27086,0.0
18.861084999982268,0.2710255062402905,0.0,0.27086,0.0
18.881587899988517,0.2710449377657028,0.0,0.27086,0.0
18.90062100000796,0.2710696041584015,0.0,0.27086,0.0
18.921534499997506,0.2710991553329024,0.0,0.27086,0.0
18.9406486999942,0.2711337816366868,0.0,0.27086,0.0
18.96093319999636,0.2711738085254773,0.0,0.27086,0.0
18.98205659998348,0.27121956145499615,0.0,0.27086,0.0
19.001410299999407,0.27127136588096623,0.0,0.27086,0.0
19.021304800000507,0.2713298115758588,0.0,0.270941,0.0
19.040566399984527,0.27139654557914217,0.0,0.270941,0.0
19.060913499997696,0.2714734792470337,0.0,0.270941,0.0
19.081307599990396,0.27156252393575075,0.0,0.271115,0.0
19.101206499995897,0.27166559100151055,0.0,0.271115,0.0
19.12065480000456,0.2717839939220197,0.0,0.271115,0.0
19.14125210000202,0.27191665466094106,0.0,0.271408,0.0
19.16041509999195,0.2720618973034272,0.0,0.271408,0.0
19.181543099984992,0.2722180459346299,0.0,0.271408,0.0
19.20057529999758,0.2723834246397018,0.0,0.271408,0.0
19.220489900006214,0.2725564934291165,0.0,0.272014,0.0
19.24061839998467,0.27273625601463436,0.0,0.272014,0.0
19.260717900004238,0.2729218520333371,0.0,0.272014,0.0
19.280841100000544,0.2731124211223067,0.0,0.272498,0.0
19.301355200004764,0.2733071029186249,0.0,0.272498,0.0
19.3205067999952,0.2735052385792799,0.0,0.272498,0.0
19.34131519999937,0.27370697534088506,0.0,0.273155,0.0
19.360901699983515,0.2739126619599605,0.0,0.273155,0.0
19.380882600002224,0.2741226471930256,0.0,0.273155,0.0
19.40142989999731,0.2743372797966003,0.0,0.273683,0.0
19.420452999998815,0.2745567925234248,0.0,0.273683,0.0
19.441354899987346,0.2747809541111209,0.0,0.273683,0.0
19.460882199986372,0.2750094172935308,0.0,0.274339,0.0
19.480807999992976,0.2752418348044968,0.0,0.274339,0.0
19.50085109999054,0.27547785937786096,0.0,0.275069,0.0
19.521292999997968,0.27571705350238995,0.0,0.275069,0.0
19.54131369999959,0.2759586186865472,0.0,0.275069,0.0
19.56082620000234,0.27620166619372055,0.0,0.275069,0.0
19.5799960999866,0.276445307287298,0.0,0.275842,0.0
19.602134299988393,0.2766886532306671,0.0,0.275842,0.0
19.621959999989485,0.2769307720419588,0.0,0.275842,0.0
19.641039799986174,0.2771705587582753,0.0,0.276671,0.0
19.661534699989716,0.2774068651714623,0.0,0.276671,0.0
19.680547800002387,0.2776385430733651,0.0,0.276671,0.0
19.700847500003874,0.2778644442558288,0.0,0.277375,0.0
19.721704199997475,0.2780836484508534,0.0,0.277375,0.0
19.74081119999755,0.2782961471510558,0.0,0.277375,0.0
19.761691799998516,0.2785021597892073,0.0,0.278087,0.0
19.780574800010072,0.2787019057980793,0.0,0.278087,0.0
19.80097859998932,0.2788956046104431,0.0,0.278087,0.0
19.82081089998246,0.279083401792834,0.0,0.278693,0.0
19.841964799998095,0.2792651474468429,0.0,0.278693,0.0
19.86126659999718,0.27944061780782437,0.0,0.278693,0.0
19.880605099984678,0.2796095891111335,0.0,0.279314,0.0
19.901277500001015,0.2797718375921249,0.0,0.279314,0.0
19.92050310000195,0.2799273100077696,0.0,0.279314,0.0
19.940465799998492,0.2800766352015034,0.0,0.279843,0.0
19.961542700009886,0.2802206125383785,0.0,0.279843,0.0
19.980535200011218,0.2803600413834469,0.0,0.279843,0.0
20.000306500005536,0.2804957211017609,0.0,0.280251,0.0
20.020411200006492,0.28062843459305686,0.0,0.280251,0.0
20.041632400010712,0.2807588988958098,0.0,0.280251,0.0
20.060896399983903,0.280887814583179,0.0,0.280667,0.0
20.08201369998278,0.28101588222832385,0.0,0.280667,0.0
20.100408600002993,0.28114380240440373,0.0,0.280667,0.0
20.121051199996145,0.281272047761818,0.0,0.281095,0.0
20.141081999987364,0.28140017925992733,0.0,0.281095,0.0
20.161768199992366,0.2815275299353322,0.0,0.281095,0.0
20.181309799983865,0.2816534328246335,0.0,0.281466,0.0
20.1998978999909,0.2817772209644317,0.0,0.281466,0.0
20.220842999988236,0.2818984058404602,0.0,0.281466,0.0
20.2408310000028,0.2820172127349826,0.0,0.281862,0.0
20.261519199993927,0.2821340453793951,0.0,0.281862,0.0
20.280774399987422,0.2822493075050939,0.0,0.281862,0.0
20.30162990000099,0.2823634028434753,0.0,0.282253,0.0
20.321535800001584,0.2824765525205975,0.0,0.282253,0.0
20.34058119999827,0.282588247241167,0.0,0.282253,0.0
20.361213099997258,0.2826977951045519,0.0,0.282656,0.0
20.380195999983698,0.2828045042101207,0.0,0.282656,0.0
20.401259600010235,0.28290768265724175,0.0,0.282656,0.0
20.420133799983887,0.2830069394627391,0.0,0.282879,0.0
20.44078720000107,0.2831030873132585,0.0,0.282879,0.0
20.461343100003432,0.28319723981290146,0.0,0.282879,0.0
20.48020339998766,0.2832905105657696,0.0,0.283199,0.0
20.50213919999078,0.2833840131759643,0.0,0.283199,0.0
20.52141409998876,0.2834785166958212,0.0,0.283199,0.0
20.54063679999672,0.28357341197061225,0.0,0.28353,0.0
20.561197900009574,0.28366774529384353,0.0,0.28353,0.0
20.58107280000695,0.2837605629590212,0.0,0.28353,0.0
20.601164699997753,0.28385091125965123,0.0,0.283794,0.0
20.621120199997677,0.283938197927064,0.0,0.283794,0.0
20.64102000001003,0.2840232764438875,0.0,0.284064,0.0
20.661564399983035,0.2841073617305735,0.0,0.284064,0.0
20.680831700010458,0.2841916687075742,0.0,0.284064,0.0
20.70077609998407,0.2842774122953415,0.0,0.284064,0.0
20.72082839999348,0.28436552184475516,0.0,0.284331,0.0
20.740936199988937,0.2844557844284059,0.0,0.284331,0.0
20.76132319998578,0.28454770154931186,0.0,0.284331,0.0
20.780534499994246,0.28464077471049143,0.0,0.284637,0.0
20.801073599985102,0.2847345054149628,0.0,0.284637,0.0
20.81991809999454,0.2848284824465625,0.0,0.284637,0.0
20.841169999999693,0.2849226437124,0.0,0.284997,0.0
20.861928800004534,0.28501701440040306,0.0,0.284997,0.0
20.880814600008307,0.2851116196984994,0.0,0.284997,0.0
20.90087109999149,0.2852064847946167,0.0,0.285263,0.0
20.92159489999176,0.2853016300931617,0.0,0.285263,0.0
20.94126759999199,0.2853970568644576,0.0,0.285263,0.0
20.96099230000982,0.2854927615953067,0.0,0.285566,0.0
20.981251199991675,0.2855887407725113,0.0,0.285566,0.0
21.001337399997283,0.28568499088287347,0.0,0.285566,0.0
21.0212923999934,0.285781446822972,0.0,0.285882,0.0
21.040579599997727,0.2858777971284908,0.0,0.285882,0.0
21.061100199993234,0.2859736687448897,0.0,0.285882,0.0
21.082102999993367,0.2860686886176292,0.0,0.286089,0.0
21.101277200010372,0.2861624836921692,0.0,0.286089,0.0
21.120178799988935,0.2862549163227594,0.0,0.286089,0.0
21.142574099998455,0.28634679049880696,0.0,0.286485,0.0
21.160679099994013,0.2864391456185089,0.0,0.286485,0.0
21.18150340000284,0.2865330210800616,0.0,0.286485,0.0
21.20147739999811,0.2866294562816619,0.0,0.28678,0.0
21.220513000007486,0.28672905665773407,0.0,0.28678,0.0
21.24064589999034,0.2868306917876122,0.0,0.28678,0.0
21.261253700009547,0.2869327972868577,0.0,0.287045,0.0
21.281224300008034,0.28703380877103235,0.0,0.287045,0.0
21.300251000007847,0.28713216185569757,0.0,0.287045,0.0
21.321204300009413,0.287226607423959,0.0,0.287396,0.0
21.341198699985398,0.2873171574290979,0.0,0.287396,0.0
21.360849599994253,0.2874041390919396,0.0,0.287396,0.0
21.38089420000324,0.28748787963330935,0.0,0.287696,0.0
21.40209160000086,0.2875687062740326,0.0,0.287696,0.0
21.420972599997185,0.2876470539677798,0.0,0.287696,0.0
21.441141999996034,0.2877237885996033,0.0,0.287914,0.0
21.46202559999074,0.2877998837874004,0.0,0.287914,0.0
21.48178149998421,0.2878763131490686,0.0,0.287914,0.0
21.501829199987696,0.2879540503025055,0.0,0.288138,0.0
21.521229000005405,0.28803380331853845,0.0,0.288138,0.0
21.540426899999147,0.2881152180797154,0.0,0.288138,0.0
21.560962399991695,0.28819767492151416,0.0,0.288329,0.0
21.58244420000119,0.28828055417941256,0.0,0.288329,0.0
21.600786900002277,0.2883632361888885,0.0,0.288329,0.0
21.621484700008295,0.2884452064938755,0.0,0.288573,0.0
21.641218300006585,0.2885263714721293,0.0,0.288573,0.0
21.66098710001097,0.28860674270986175,0.0,0.288573,0.0
21.681243800005177,0.2886863317932845,0.0,0.2888,0.0
21.700901800009888,0.288765150308609,0.0,0.2888,0.0
21.72183719999157,0.28884319808327896,0.0,0.289017,0.0
21.741806200006977,0.2889204279096663,0.0,0.289017,0.0
21.761131999985082,0.2889967808213749,0.0,0.289017,0.0
21.781066700001247,0.28907219785200855,0.0,0.289017,0.0
21.801091500004986,0.2891466200351715,0.0,0.289263,0.0
21.821261899982346,0.28921997135828836,0.0,0.289263,0.0
21.84031130000949,0.2892921076240686,0.0,0.289263,0.0
21.860794899985194,0.2893628675890425,0.0,0.28953,0.0
21.88080590000027,0.2894320900097403,0.0,0.28953,0.0
21.90078550000908,0.2894996136426926,0.0,0.28953,0.0
21.920838399993954,0.28956526670806226,0.0,0.289761,0.0
21.941039199999068,0.2896288352805445,0.0,0.289761,0.0
21.960917999997037,0.28969009489846675,0.0,0.289761,0.0
21.981182899995474,0.2897488211001569,0.0,0.28994,0.0
22.000946299987845,0.2898047894239426,0.0,0.28994,0.0
22.02139479998732,0.2898577838166415,0.0,0.28994,0.0
22.041123900009552,0.2899076218590314,0.0,0.290085,0.0
22.06201309998869,0.2899541295403798,0.0,0.290085,0.0
22.081014700001106,0.2899971328499546,0.0,0.290085,0.0
22.101289699989138,0.2900364577770233,0.0,0.290241,0.0
22.12123469999642,0.290072050979664,0.0,0.290241,0.0
22.14194969998789,0.290104341791196,0.0,0.290241,0.0
22.160859099996742,0.29013388021374886,0.0,0.290334,0.0
22.181106400006684,0.29016121624945246,0.0,0.290334,0.0
22.201626099995337,0.2901868999004364,0.0,0.290334,0.0
22.220655299985083,0.2902114133972862,0.0,0.290421,0.0
22.241892299993197,0.2902349678844108,0.0,0.290421,0.0
22.261278199992375,0.2902577067346752,0.0,0.290421,0.0
22.28079729998717,0.2902797733209442,0.0,0.290484,0.0
22.30083150000428,0.2903013110160828,0.0,0.290484,0.0
22.321741199993994,0.29032236708551107,0.0,0.290484,0.0
22.34151880000718,0.2903426043648712,0.0,0.290529,0.0
22.360697800002526,0.2903615895823602,0.0,0.290529,0.0
22.381424799998058,0.2903788894661756,0.0,0.29054,0.0
22.401202000008198,0.2903940707445145,0.0,0.29054,0.0
22.42111389999627,0.29040686719827613,0.0,0.29054,0.0
22.44009499999811,0.2904176808191674,0.0,0.29054,0.0
22.46193299998413,0.29042708065159717,0.0,0.290563,0.0
22.481363099999726,0.2904356357399744,0.0,0.290563,0.0
22.50088519998826,0.29044391512870793,0.0,0.290563,0.0
22.52145830000518,0.2904523053348015,0.0,0.290568,0.0
22.54163600000902,0.29046046276563997,0.0,0.290568,0.0
22.560985899996012,0.2904678613012029,0.0,0.290568,0.0
22.581420000002254,0.29047397482146997,0.0,0.290568,0.0
22.601581299997633,0.2904782772064209,0.0,0.290568,0.0
22.621197900007246,0.2904803479869088,0.0,0.290568,0.0
22.64077460000408,0.2904801892972811,0.0,0.290556,0.0
22.661680099990917,0.29047790892275827,0.0,0.290556,0.0
22.681913100008387,0.2904736146485612,0.0,0.290556,0.0
22.70111100000213,0.29046741425991063,0.0,0.290573,0.0
22.721722599992063,0.2904589850887026,0.0,0.290573,0.0
22.741121300001396,0.290446282653535,0.0,0.290573,0.0
22.760344799986342,0.2904268320196811,0.0,0.29058,0.0
22.78058580000652,0.2903981582524142,0.0,0.29058,0.0
22.802184600004693,0.2903577864170074,0.0,0.29058,0.0
22.82058510000934,0.2903036208255706,0.0,0.29058,0.0
22.840714999998454,0.29023508277755905,0.0,0.290496,0.0
22.861606599995866,0.2901519728192647,0.0,0.290496,0.0
22.88049479998881,0.2900540914969792,0.0,0.290496,0.0
22.90180849999888,0.28994123935699456,0.0,0.290296,0.0
22.921923599991715,0.28981348021836706,0.0,0.290296,0.0
22.940664699999616,0.2896719309912107,0.0,0.290296,0.0
22.961879999988014,0.2895179718584039,0.0,0.289841,0.0
22.980870800005505,0.2893529830028253,0.0,0.289841,0.0
23.001588999992236,0.2891783446073532,0.0,0.289841,0.0
23.020807099994272,0.28899451401747556,0.0,0.289442,0.0
23.041712700010976,0.28879825722911756,0.0,0.289442,0.0
23.061423200007994,0.2885854174008138,0.0,0.289442,0.0
23.08095870001125,0.2883518376910986,0.0,0.288745,0.0
23.10069150000345,0.2880933612585068,0.0,0.288745,0.0
23.120917199994437,0.2878067814540783,0.0,0.288745,0.0
23.141141100000823,0.2874926923988757,0.0,0.28814,0.0
23.161523699993268,0.287152638406467,0.0,0.28814,0.0
23.1805325000023,0.28678816379042027,0.0,0.28814,0.0
23.201551999984076,0.2864008128643037,0.0,0.28696,0.0
23.221532700001262,0.28599213961567416,0.0,0.28696,0.0
23.240534999989904,0.28556373672804536,0.0,0.28696,0.0
23.260644499998307,0.2851172065589201,0.0,0.285775,0.0
23.28174229999422,0.28465415146580086,0.0,0.285775,0.0
23.301069899986032,0.2841761738061905,0.0,0.285775,0.0
23.321508299995912,0.2836851047720223,0.0,0.284367,0.0
23.340595299989218,0.2831836908929528,0.0,0.284367,0.0
23.360998099989956,0.2826749075330693,0.0,0.284367,0.0
23.381274999992456,0.28216173005645906,0.0,0.283107,0.0
23.40119579999009,0.2816471338272095,0.0,0.283107,0.0
23.4208343999926,0.2811342801090649,0.0,0.283107,0.0
23.44155079999473,0.2806270737643983,0.0,0.281426,0.0
23.46122560001095,0.2801296055552398,0.0,0.281426,0.0
23.48049180000089,0.2796459662436197,0.0,0.281426,0.0
23.500492699997267,0.279180246591568,0.0,0.279856,0.0
23.520302699995227,0.2787358555603034,0.0,0.279856,0.0
23.54117509999196,0.27831347490779923,0.0,0.279856,0.0
23.561581299989484,0.27791310459121676,0.0,0.278559,0.0
23.581647099985275,0.27753474456771776,0.0,0.278559,0.0
23.600476199993864,0.2771783947944641,0.0,0.278559,0.0
23.621876099990914,0.2768438934615652,0.0,0.277212,0.0
23.641672800004017,0.2765304316909224,0.0,0.277212,0.0
23.660831999994116,0.27623703883738526,0.0,0.277212,0.0
23.68184659999679,0.2759627442558032,0.0,0.276201,0.0
23.70080130000133,0.2757065773010254,0.0,0.276201,0.0
23.72098109999206,0.2754676640497043,0.0,0.276201,0.0
23.741982500010636,0.275245517465703,0.0,0.275467,0.0
23.761139699985506,0.2750397472346877,0.0,0.275467,0.0
23.781112299999222,0.27484996304232456,0.0,0.275467,0.0
23.801281299995026,0.27467577457427983,0.0,0.274817,0.0
23.820057600009022,0.2745168043378022,0.0,0.274817,0.0
23.84131580000394,0.274372726126472,0.0,0.274817,0.0
23.86033480000333,0.2742432265554526,0.0,0.274308,0.0
23.881170499982545,0.2741279922399069,0.0,0.274308,0.0
23.90098060001037,0.2740267097949982,0.0,0.274308,0.0
23.92146079998929,0.2739389523984493,0.0,0.273865,0.0
23.941250100004254,0.2738638394782227,0.0,0.273865,0.0
23.96021630000905,0.2738003770248404,0.0,0.273865,0.0
23.981045799999265,0.2737475710288247,0.0,0.273615,0.0
24.001113300008,0.27370442748069757,0.0,0.273615,0.0
24.021031299984315,0.27367002911477967,0.0,0.273615,0.0
24.042350900010206,0.2736437656405842,0.0,0.273511,0.0
24.06038019998232,0.27362510351142266,0.0,0.273511,0.0
24.081073499983177,0.2736135091806068,0.0,0.273511,0.0
24.101012800005265,0.273608449101448,0.0,0.273457,0.0
24.121872399991844,0.2736093597446505,0.0,0.273457,0.0
24.141863199998625,0.2736155576504882,0.0,0.273457,0.0
24.162049999984447,0.27362632937662745,0.0,0.273447,0.0
24.18164799999795,0.2736409614807351,0.0,0.273447,0.0
24.200653200008674,0.2736587405204773,0.0,0.273447,0.0
24.221032000001287,0.2736788908591405,0.0,0.273467,0.0
24.24169890000485,0.2737003880824906,0.0,0.273467,0.0
24.261103299999377,0.273722145581913,0.0,0.273467,0.0
24.28130649999366,0.2737430767487936,0.0,0.273472,0.0
24.300562299991725,0.27376209497451776,0.0,0.273472,0.0
24.320539899985306,0.2737783301833503,0.0,0.273472,0.0
24.34153820000938,0.2737917784310715,0.0,0.273498,0.0
24.360439199983375,0.2738026523063405,0.0,0.273498,0.0
24.38071409999975,0.2738111643978165,0.0,0.273498,0.0
24.401007999986177,0.27381752729415887,0.0,0.273554,0.0
24.42196859998512,0.2738223355409038,0.0,0.273554,0.0
24.441361500008497,0.27382771151109453,0.0,0.273554,0.0
24.460970499989344,0.27383615953465157,0.0,0.273625,0.0
24.482051099999808,0.2738501839414954,0.0,0.273625,0.0
24.501229299989063,0.27387228906154626,0.0,0.273625,0.0
24.521441299992148,0.2739043647299847,0.0,0.273686,0.0
24.540647899993928,0.2739458428030309,0.0,0.273686,0.0
24.56089389999397,0.27399554064216536,0.0,0.273686,0.0
24.58078230000683,0.2740522756088686,0.0,0.273686,0.0
24.601490400003968,0.274114865064621,0.0,0.273852,0.0
24.62063130000024,0.2741822216114307,0.0,0.273852,0.0
24.641492099995958,0.2742536388134182,0.0,0.273852,0.0
24.660646000003908,0.2743285054752312,0.0,0.274085,0.0
24.68126630000188,0.2744062104015181,0.0,0.274085,0.0
24.701470400003018,0.2744861423969268,0.0,0.274085,0.0
24.7213916000037,0.2745680900956927,0.0,0.274416,0.0
24.740749799995683,0.27465344145039927,0.0,0.274416,0.0
24.760341099987272,0.27474398424321766,0.0,0.274416,0.0
24.781189700006507,0.27484150625631876,0.0,0.274638,0.0
24.800916799984407,0.2749477952718735,0.0,0.274638,0.0
24.82136579998769,0.2750644995983583,0.0,0.274638,0.0
24.84071039999253,0.2751927096494727,0.0,0.274898,0.0
24.86091839999426,0.2753333763652217,0.0,0.274898,0.0
24.88133380000363,0.2754874506856104,0.0,0.274898,0.0
24.900238100002753,0.27565588355064385,0.0,0.275376,0.0
24.92029539999203,0.27583911400931,0.0,0.275376,0.0
24.940361099987058,0.2760355335465279,0.0,0.275376,0.0
24.960525800008327,0.2762430217561996,0.0,0.275824,0.0
24.980663199996343,0.2764594582322269,0.0,0.275824,0.0
25.000775199994678,0.276682722568512,0.0,0.276423,0.0
25.020819800003665,0.2769108431562869,0.0,0.276423,0.0
25.04119630000787,0.2771424435761054,0.0,0.276423,0.0
25.060907799983397,0.2773762962058511,0.0,0.276423,0.0
25.080716600001324,0.2776111734234076,0.0,0.277275,0.0
25.102113400003873,0.27784584760665887,0.0,0.277275,0.0
25.121627399988938,0.2780793236205927,0.0,0.277275,0.0
25.140933899994707,0.2783115362786128,0.0,0.278042,0.0
25.161462599993683,0.278542652881227,0.0,0.278042,0.0
25.181116899999324,0.278772840728943,0.0,0.278042,0.0
25.202205300010974,0.2790022671222686,0.0,0.278762,0.0
25.22152520000236,0.2792309618925156,0.0,0.278762,0.0
25.240113999985624,0.2794584049942118,0.0,0.278762,0.0
25.260586399992462,0.2796839389126887,0.0,0.279471,0.0
25.280785799986916,0.27990690613327807,0.0,0.279471,0.0
25.301887200010242,0.2801266491413116,0.0,0.279471,0.0
25.321997899998678,0.28034255589541157,0.0,0.279961,0.0
25.341972700000042,0.28055419624736266,0.0,0.279961,0.0
25.360897600010503,0.28076118552224016,0.0,0.279961,0.0
25.381575799983693,0.28096313904511916,0.0,0.280824,0.0
25.40186630000244,0.28115967214107507,0.0,0.280824,0.0
25.42064239998581,0.2813506816294143,0.0,0.280824,0.0
25.441867799992906,0.2815371903063685,0.0,0.281461,0.0
25.46110139999655,0.28172050246240066,0.0,0.281461,0.0
25.481363700004295,0.2819019223879737,0.0,0.281461,0.0
25.501106299983803,0.2820827543735504,0.0,0.281914,0.0
25.521387899992988,0.2822639302000367,0.0,0.281914,0.0
25.541110899997875,0.28244489161010977,0.0,0.281914,0.0
25.561357300000964,0.2826247078368897,0.0,0.282475,0.0
25.58088600001065,0.2828024481134964,0.0,0.282475,0.0
25.60142839999753,0.28297718167304986,0.0,0.282475,0.0
25.62048519999371,0.2831482080612376,0.0,0.282993,0.0
25.64062429999467,0.2833157480740159,0.0,0.282993,0.0
25.660628299985547,0.2834802528199082,0.0,0.283483,0.0
25.68138550000731,0.2836421734074381,0.0,0.283483,0.0
25.700029400002677,0.2838019609451294,0.0,0.283483,0.0
25.721171399985906,0.2839599837899064,0.0,0.283483,0.0
25.74105129999225,0.28411627929229766,0.0,0.284011,0.0
25.76108870000462,0.28427080205123256,0.0,0.284011,0.0
25.78168650000589,0.2844235066656407,0.0,0.284011,0.0
25.8020326999831,0.2845743477344513,0.0,0.284566,0.0
25.820776000007754,0.2847231757488633,0.0,0.284566,0.0
25.84085629999754,0.284869424769153,0.0,0.284566,0.0
25.861268699984066,0.28501242474786637,0.0,0.285114,0.0
25.88084379999782,0.2851515056375491,0.0,0.285114,0.0
25.90148249999038,0.2852859973907471,0.0,0.285114,0.0
25.921401500003412,0.2854154034627484,0.0,0.285114,0.0
25.941475300001912,0.2855399213198109,0.0,0.285593,0.0
25.960467800003244,0.2856599219309347,0.0,0.285593,0.0
25.981079699995462,0.28577577626511985,0.0,0.285593,0.0
26.00176620000275,0.2858878552913666,0.0,0.286016,0.0
26.021588400006294,0.2859964902263072,0.0,0.286016,0.0
26.040601599990623,0.2861018532771037,0.0,0.286016,0.0
26.060608900006628,0.2862040768985501,0.0,0.286016,0.0
26.081317200005287,0.2863032935454406,0.0,0.286327,0.0
26.101563000003807,0.2863996356725693,0.0,0.286327,0.0
26.120660399988992,0.2864931265892827,0.0,0.286327,0.0
26.14156039999216,0.28658335302313676,0.0,0.286771,0.0
26.160681599983945,0.28666979255624,0.0,0.286771,0.0
26.18144630000461,0.2867519227707005,0.0,0.286771,0.0
26.201425999985076,0.2868292212486267,0.0,0.286981,0.0
26.22128949998296,0.2869014766822098,0.0,0.286981,0.0
26.241413499985356,0.2869697222039725,0.0,0.286981,0.0
26.26079500000924,0.2870353020565206,0.0,0.287204,0.0
26.28198239998892,0.28709956048245977,0.0,0.287204,0.0
26.300889999984065,0.2871638417243957,0.0,0.287204,0.0
26.32165490000625,0.2872293906587764,0.0,0.287399,0.0
26.340620800008764,0.28729705469741873,0.0,0.287399,0.0
26.36153289998765,0.28736758188598177,0.0,0.287399,0.0
26.380982700007735,0.2874417202701251,0.0,0.287597,0.0
26.40161909998278,0.2875202178955078,0.0,0.287597,0.0
26.42108579998603,0.2876035318649357,0.0,0.287597,0.0
26.44199469999876,0.2876909555098013,0.0,0.287864,0.0
26.46195080000325,0.2877814912186437,0.0,0.287864,0.0
26.48111669998616,0.2878741413800022,0.0,0.287864,0.0
26.50205929999356,0.2879679083824158,0.0,0.288082,0.0
26.52122429999872,0.28806182107482503,0.0,0.288082,0.0
26.540317500010133,0.28815501414777567,0.0,0.288082,0.0
26.561975699994946,0.2882466487522149,0.0,0.288374,0.0
26.58135249998304,0.2883358860390898,0.0,0.288374,0.0
26.60043309998582,0.28842188715934747,0.0,0.288374,0.0
26.62088129998301,0.2885041767022804,0.0,0.288669,0.0
26.641114600002766,0.2885837330105615,0.0,0.288669,0.0
26.662884499994107,0.2886618978652091,0.0,0.288669,0.0
26.681352699990384,0.2887400130472415,0.0,0.288669,0.0
26.699908399983542,0.288819420337677,0.0,0.288943,0.0
26.72111379998387,0.28890125410133616,0.0,0.288943,0.0
26.740194199985126,0.2889858190382498,0.0,0.288943,0.0
26.761239799991017,0.28907321243225037,0.0,0.289159,0.0
26.78096929998719,0.2891635315671711,0.0,0.289159,0.0
26.801948400010588,0.28925687372684483,0.0,0.289159,0.0
26.821984399983194,0.2893531856326852,0.0,0.289384,0.0
26.841138499992667,0.28945181175642976,0.0,0.289384,0.0
26.861142599984305,0.2895519460073973,0.0,0.289748,0.0
26.88086370000383,0.289652782294906,0.0,0.289748,0.0
26.90153299999656,0.28975351452827447,0.0,0.289748,0.0
26.921226600010414,0.2898534280467255,0.0,0.289748,0.0
26.94119879999198,0.2899521739090989,0.0,0.290092,0.0
26.962083199992776,0.2900494946041392,0.0,0.290092,0.0
26.98057469999185,0.2901451326205904,0.0,0.290092,0.0
27.001062499999534,0.2902388304471969,0.0,0.290432,0.0
27.021594599995296,0.29033041618054245,0.0,0.290432,0.0
27.041559100005543,0.29042006034856827,0.0,0.290432,0.0
27.06114139998681,0.2905080190870551,0.0,0.290683,0.0
27.08162569999695,0.2905945485317837,0.0,0.290683,0.0
27.101682899985462,0.2906799048185348,0.0,0.290683,0.0
27.12150800001109,0.2907642418620708,0.0,0.290957,0.0
27.140922099992167,0.2908473046930802,0.0,0.290957,0.0
27.16171799998847,0.2909287361212334,0.0,0.290957,0.0
27.18173859998933,0.2910081789562007,0.0,0.291121,0.0
27.200717900006566,0.2910852760076522,0.0,0.291121,0.0
27.221419499983313,0.2911597903480726,0.0,0.291398,0.0
27.24057960000937,0.2912319661012026,0.0,0.291398,0.0
27.260805900004925,0.2913021676535972,0.0,0.291398,0.0
27.282185699994443,0.2913707593918114,0.0,0.291642,0.0
27.300700799998594,0.2914381057024002,0.0,0.291642,0.0
27.320926699991105,0.2915045535842465,0.0,0.291642,0.0
27.341922599996906,0.2915703804855444,0.0,0.291642,0.0
27.36094949999824,0.29163584646681606,0.0,0.291847,0.0
27.38139629998477,0.29170121158858375,0.0,0.291847,0.0
27.400643500004662,0.29176673591136926,0.0,0.291847,0.0
27.42071340000257,0.29183267646728517,0.0,0.29207,0.0
27.441632000001846,0.2918992781748051,0.0,0.29207,0.0
27.46103549998952,0.2919667829239928,0.0,0.29207,0.0
27.481099099997664,0.2920354326049125,0.0,0.292242,0.0
27.50106889999006,0.2921054691076279,0.0,0.292242,0.0
27.52160539999022,0.29217703853455057,0.0,0.292242,0.0
27.540564499999164,0.2922499038374825,0.0,0.292443,0.0
27.561476100003347,0.2923237321805733,0.0,0.292443,0.0
27.580606200004695,0.29239819072797235,0.0,0.292443,0.0
27.6016752999858,0.2924729466438293,0.0,0.292715,0.0
27.621598099998664,0.2925477026767924,0.0,0.292715,0.0
27.641340700007277,0.2926223039135047,0.0,0.292715,0.0
27.660050400008913,0.2926966310251082,0.0,0.292907,0.0
27.681628399994224,0.29277056468274465,0.0,0.292907,0.0
27.700911499996437,0.2928439855575561,0.0,0.292907,0.0
27.72176310000941,0.2929167754540576,0.0,0.293106,0.0
27.741153199982364,0.2929888207102578,0.0,0.293106,0.0
27.76168399999733,0.2930600087975383,0.0,0.293106,0.0
27.78124499999103,0.2931302271872812,0.0,0.293292,0.0
27.80032239999855,0.29319936335086816,0.0,0.293292,0.0
27.820550100004766,0.29326737216846843,0.0,0.293292,0.0
27.84063089999836,0.2933344781553992,0.0,0.293552,0.0
27.861552599992137,0.2934009732357654,0.0,0.293552,0.0
27.881170699984068,0.29346714933367146,0.0,0.293552,0.0
27.901156999985687,0.2935332983732223,0.0,0.293781,0.0
27.921116699988488,0.2935996980483917,0.0,0.293781,0.0
27.942306399985682,0.29366656913263056,0.0,0.293848,0.0
27.96032730001025,0.2937341181692589,0.0,0.293848,0.0
27.980690199998207,0.2938025517015968,0.0,0.29401,0.0
28.000903200008906,0.2938720762729645,0.0,0.29401,0.0
28.02188089999254,0.2939428710106987,0.0,0.29401,0.0
28.041051599982893,0.2940150053782036,0.0,0.294177,0.0
28.061451699992176,0.2940885214229,0.0,0.294177,0.0
28.08085569998366,0.29416346119220893,0.0,0.294177,0.0
28.10199019999709,0.29423986673355096,0.0,0.294496,0.0
28.121789500000887,0.2943177422214049,0.0,0.294496,0.0
28.14076280000154,0.29439694033847985,0.0,0.294496,0.0
28.161451399995713,0.2944772758945425,0.0,0.294765,0.0
28.180371800001012,0.29455856369935973,0.0,0.294765,0.0
28.20144979999168,0.2946406185626983,0.0,0.294765,0.0
28.22142809999059,0.2947232633751657,0.0,0.294765,0.0
28.24058199999854,0.29480635335073213,0.0,0.295017,0.0
28.261169800010975,0.2948897517842082,0.0,0.295017,0.0
28.281778700009454,0.2949733219704046,0.0,0.295017,0.0
28.30170700000599,0.2950569272041321,0.0,0.29525,0.0
28.320627999986755,0.29514039961332,0.0,0.29525,0.0
28.34117279999191,0.2952234466583718,0.0,0.29525,0.0
28.36009639999247,0.2953057446328094,0.0,0.295524,0.0
28.380703100003302,0.2953869698301548,0.0,0.295524,0.0
28.400705200008815,0.29546679854393,0.0,0.295524,0.0
28.42093960000784,0.295544907067657,0.0,0.295745,0.0
28.441102199984016,0.2956209716948578,0.0,0.295745,0.0
28.46101450000424,0.29569466871905425,0.0,0.295745,0.0
28.481151799991494,0.29576567443376856,0.0,0.295984,0.0
